{
  "best_epoch": 6,
  "peak_cpu_memory_MB": 444.5184,
  "training_duration": "00:10:40",
  "training_start_epoch": 0,
  "training_epochs": 6,
  "epoch": 6,
  "training_accuracy": 0.9483450513208334,
  "training_accuracy3": 0.9512802365392837,
  "training_f1_macro": 0.7766274640519615,
  "training_loss": 557.2364164797846,
  "training_cpu_memory_MB": 444.5184,
  "validation_accuracy": 0.6472553559391577,
  "validation_accuracy3": 0.6927112335511855,
  "validation_f1_macro": 0.3846941741935537,
  "validation_loss": 3130.451898900474,
  "best_validation_accuracy": 0.6472553559391577,
  "best_validation_accuracy3": 0.6927112335511855,
  "best_validation_f1_macro": 0.3846941741935537,
  "best_validation_loss": 3130.451898900474
}