{
  "best_epoch": 18,
  "peak_cpu_memory_MB": 450.482176,
  "training_duration": "00:39:36",
  "training_start_epoch": 0,
  "training_epochs": 24,
  "epoch": 24,
  "training_accuracy": 0.9879790333648288,
  "training_accuracy3": 0.988187406366873,
  "training_f1_macro": 0.8742238800006622,
  "training_loss": 69.75868780170372,
  "training_cpu_memory_MB": 450.482176,
  "validation_accuracy": 0.856862342838721,
  "validation_accuracy3": 0.8852905835116204,
  "validation_f1_macro": 0.7129567414552528,
  "validation_loss": 336.96539074037133,
  "best_validation_accuracy": 0.968142785967586,
  "best_validation_accuracy3": 0.9709416488379591,
  "best_validation_f1_macro": 0.8050257021224393,
  "best_validation_loss": 126.74601340875392
}