{
  "best_epoch": 15,
  "peak_cpu_memory_MB": 447.848448,
  "training_duration": "00:25:10",
  "training_start_epoch": 0,
  "training_epochs": 15,
  "epoch": 15,
  "training_accuracy": 0.9900735412991697,
  "training_accuracy3": 0.9902890995771465,
  "training_f1_macro": 0.8645752948172675,
  "training_loss": 62.91203514830081,
  "training_cpu_memory_MB": 447.848448,
  "validation_accuracy": 0.9603763078456082,
  "validation_accuracy3": 0.9632337856452038,
  "validation_f1_macro": 0.8480885256691683,
  "validation_loss": 152.7975503874988,
  "best_validation_accuracy": 0.9603763078456082,
  "best_validation_accuracy3": 0.9632337856452038,
  "best_validation_f1_macro": 0.8480885256691683,
  "best_validation_loss": 152.7975503874988
}