{
  "best_epoch": 18,
  "peak_cpu_memory_MB": 448.708608,
  "training_duration": "00:34:48",
  "training_start_epoch": 0,
  "training_epochs": 21,
  "epoch": 21,
  "training_accuracy": 0.9870090211139333,
  "training_accuracy3": 0.9873179879790334,
  "training_f1_macro": 0.86836055417987,
  "training_loss": 99.183191002486,
  "training_cpu_memory_MB": 448.708608,
  "validation_accuracy": 0.9422203335189473,
  "validation_accuracy3": 0.9446821605462912,
  "validation_f1_macro": 0.8089155956534635,
  "validation_loss": 229.76035643786918,
  "best_validation_accuracy": 0.968142785967586,
  "best_validation_accuracy3": 0.9709416488379591,
  "best_validation_f1_macro": 0.8050257021224393,
  "best_validation_loss": 126.74601340875392
}