{
  "best_epoch": 10,
  "peak_cpu_memory_MB": 447.848448,
  "training_duration": "00:21:58",
  "training_start_epoch": 0,
  "training_epochs": 13,
  "epoch": 13,
  "training_accuracy": 0.9888484517526684,
  "training_accuracy3": 0.9892400492909929,
  "training_f1_macro": 0.8677846769561764,
  "training_loss": 66.86785661389014,
  "training_cpu_memory_MB": 447.848448,
  "validation_accuracy": 0.9464992233521878,
  "validation_accuracy3": 0.9499868116409249,
  "validation_f1_macro": 0.8176894001847488,
  "validation_loss": 167.72648308916789,
  "best_validation_accuracy": 0.965534421617186,
  "best_validation_accuracy3": 0.9704727294041793,
  "best_validation_f1_macro": 0.8092514971434812,
  "best_validation_loss": 166.73395352247286
}