{
  "best_epoch": 10,
  "peak_cpu_memory_MB": 446.672896,
  "training_duration": "00:18:41",
  "training_start_epoch": 0,
  "training_epochs": 11,
  "epoch": 11,
  "training_accuracy": 0.9875012125153136,
  "training_accuracy3": 0.9884532615763777,
  "training_f1_macro": 0.900312606875656,
  "training_loss": 64.06978562634862,
  "training_cpu_memory_MB": 446.672896,
  "validation_accuracy": 0.9316842999912077,
  "validation_accuracy3": 0.9360657659505877,
  "validation_f1_macro": 0.770328306334992,
  "validation_loss": 454.7942839831841,
  "best_validation_accuracy": 0.965534421617186,
  "best_validation_accuracy3": 0.9704727294041793,
  "best_validation_f1_macro": 0.8092514971434812,
  "best_validation_loss": 166.73395352247286
}