{
  "best_epoch": 63,
  "peak_cpu_memory_MB": 430.989312,
  "training_duration": "01:06:10",
  "training_start_epoch": 0,
  "training_epochs": 63,
  "epoch": 63,
  "training_accuracy": 0.9854174824948715,
  "training_accuracy3": 0.9989473570758801,
  "training_f1_macro": 0.7845345104594117,
  "training_loss": 0.05890962901988072,
  "training_cpu_memory_MB": 430.989312,
  "validation_accuracy": 0.9740335863544445,
  "validation_accuracy3": 0.9986811640924944,
  "validation_f1_macro": 0.7743321650428814,
  "validation_loss": 0.09058187892887651,
  "best_validation_accuracy": 0.9740335863544445,
  "best_validation_accuracy3": 0.9986811640924944,
  "best_validation_f1_macro": 0.7743321650428814,
  "best_validation_loss": 0.09058187892887651
}