{
  "best_epoch": 35,
  "peak_cpu_memory_MB": 427.626496,
  "training_duration": "00:37:09",
  "training_start_epoch": 0,
  "training_epochs": 35,
  "epoch": 35,
  "training_accuracy": 0.9751389452733459,
  "training_accuracy3": 0.9979521963592207,
  "training_f1_macro": 0.7416561996941697,
  "training_loss": 0.10181523785887364,
  "training_cpu_memory_MB": 427.626496,
  "validation_accuracy": 0.9329445209694909,
  "validation_accuracy3": 0.9957504176313707,
  "validation_f1_macro": 0.6644852652330464,
  "validation_loss": 0.21505197428348588,
  "best_validation_accuracy": 0.9329445209694909,
  "best_validation_accuracy3": 0.9957504176313707,
  "best_validation_f1_macro": 0.6644852652330464,
  "best_validation_loss": 0.21505197428348588
}