{
  "best_epoch": 69,
  "peak_cpu_memory_MB": 432.402432,
  "training_duration": "01:12:28",
  "training_start_epoch": 0,
  "training_epochs": 69,
  "epoch": 69,
  "training_accuracy": 0.9861863070196554,
  "training_accuracy3": 0.9989689129036777,
  "training_f1_macro": 0.7861026465264936,
  "training_loss": 0.05391188887154271,
  "training_cpu_memory_MB": 432.402432,
  "validation_accuracy": 0.9779754403446558,
  "validation_accuracy3": 0.998813047683245,
  "validation_f1_macro": 0.7822363868623966,
  "validation_loss": 0.07895821605513735,
  "best_validation_accuracy": 0.9779754403446558,
  "best_validation_accuracy3": 0.998813047683245,
  "best_validation_f1_macro": 0.7822363868623966,
  "best_validation_loss": 0.07895821605513735
}