{
  "best_epoch": 194,
  "peak_cpu_memory_MB": 434.868224,
  "training_duration": "03:23:04",
  "training_start_epoch": 0,
  "training_epochs": 195,
  "epoch": 195,
  "training_accuracy": 0.9945320050153226,
  "training_accuracy3": 0.9996515141172709,
  "training_f1_macro": 0.932699514993939,
  "training_loss": 0.022435472629863968,
  "training_cpu_memory_MB": 434.868224,
  "validation_accuracy": 0.9660326485155769,
  "validation_accuracy3": 0.998578587966355,
  "validation_f1_macro": 0.8203463687021614,
  "validation_loss": 0.11214616522192955,
  "best_validation_accuracy": 0.9945634653146156,
  "best_validation_accuracy3": 0.9997215790861933,
  "best_validation_f1_macro": 0.9171676926558979,
  "best_validation_loss": 0.02347328852316955
}