{
  "best_epoch": 64,
  "peak_cpu_memory_MB": 430.989312,
  "training_duration": "01:07:14",
  "training_start_epoch": 0,
  "training_epochs": 64,
  "epoch": 64,
  "training_accuracy": 0.9855719659274216,
  "training_accuracy3": 0.9989545423518127,
  "training_f1_macro": 0.7847519947967531,
  "training_loss": 0.05804910866019433,
  "training_cpu_memory_MB": 430.989312,
  "validation_accuracy": 0.9749274640250872,
  "validation_accuracy3": 0.9986958178248,
  "validation_f1_macro": 0.7754288671771461,
  "validation_loss": 0.088178737225329,
  "best_validation_accuracy": 0.9749274640250872,
  "best_validation_accuracy3": 0.9986958178248,
  "best_validation_f1_macro": 0.7754288671771461,
  "best_validation_loss": 0.088178737225329
}