{
  "best_epoch": 173,
  "peak_cpu_memory_MB": 434.868224,
  "training_duration": "02:59:49",
  "training_start_epoch": 0,
  "training_epochs": 173,
  "epoch": 173,
  "training_accuracy": 0.9951679019353541,
  "training_accuracy3": 0.9996622920311697,
  "training_f1_macro": 0.917246859312109,
  "training_loss": 0.020861299606709335,
  "training_cpu_memory_MB": 434.868224,
  "validation_accuracy": 0.9941091996131415,
  "validation_accuracy3": 0.9996776178892764,
  "validation_f1_macro": 0.9106555275210448,
  "validation_loss": 0.025711738118311254,
  "best_validation_accuracy": 0.9941091996131415,
  "best_validation_accuracy3": 0.9996776178892764,
  "best_validation_f1_macro": 0.9106555275210448,
  "best_validation_loss": 0.025711738118311254
}