{
  "best_epoch": 75,
  "peak_cpu_memory_MB": 432.508928,
  "training_duration": "01:18:50",
  "training_start_epoch": 0,
  "training_epochs": 75,
  "epoch": 75,
  "training_accuracy": 0.9873251732549659,
  "training_accuracy3": 0.9990120245592732,
  "training_f1_macro": 0.7927429626728955,
  "training_loss": 0.048763234023294764,
  "training_cpu_memory_MB": 432.508928,
  "validation_accuracy": 0.9804665748366109,
  "validation_accuracy3": 0.9988423551478561,
  "validation_f1_macro": 0.7969688253021581,
  "validation_loss": 0.07076448801814056,
  "best_validation_accuracy": 0.9804665748366109,
  "best_validation_accuracy3": 0.9988423551478561,
  "best_validation_f1_macro": 0.7969688253021581,
  "best_validation_loss": 0.07076448801814056
}