{
  "best_epoch": 16,
  "peak_cpu_memory_MB": 417.251328,
  "training_duration": "00:17:26",
  "training_start_epoch": 0,
  "training_epochs": 16,
  "epoch": 16,
  "training_accuracy": 0.9358067448185179,
  "training_accuracy3": 0.9928362798952387,
  "training_f1_macro": 0.6566072373188314,
  "training_loss": 0.26178111327800924,
  "training_cpu_memory_MB": 417.251328,
  "validation_accuracy": 0.7792854840127781,
  "validation_accuracy3": 0.9440667037894551,
  "validation_f1_macro": 0.49752864101841054,
  "validation_loss": 0.7911320128818837,
  "best_validation_accuracy": 0.7792854840127781,
  "best_validation_accuracy3": 0.9440667037894551,
  "best_validation_f1_macro": 0.49752864101841054,
  "best_validation_loss": 0.7911320128818837
}