{
  "best_epoch": 166,
  "peak_cpu_memory_MB": 434.868224,
  "training_duration": "02:52:44",
  "training_start_epoch": 0,
  "training_epochs": 166,
  "epoch": 166,
  "training_accuracy": 0.994884083536018,
  "training_accuracy3": 0.9996586993932034,
  "training_f1_macro": 0.8990473736187559,
  "training_loss": 0.021803355818993585,
  "training_cpu_memory_MB": 434.868224,
  "validation_accuracy": 0.9939773160223909,
  "validation_accuracy3": 0.999692271621582,
  "validation_f1_macro": 0.9043085979647187,
  "validation_loss": 0.02665779823664485,
  "best_validation_accuracy": 0.9939773160223909,
  "best_validation_accuracy3": 0.999692271621582,
  "best_validation_f1_macro": 0.9043085979647187,
  "best_validation_loss": 0.02665779823664485
}