{
  "best_epoch": 142,
  "peak_cpu_memory_MB": 434.159616,
  "training_duration": "02:27:48",
  "training_start_epoch": 0,
  "training_epochs": 142,
  "epoch": 142,
  "training_accuracy": 0.9937128835590109,
  "training_accuracy3": 0.9996048098237093,
  "training_f1_macro": 0.8588764363425104,
  "training_loss": 0.02546212973608496,
  "training_cpu_memory_MB": 434.159616,
  "validation_accuracy": 0.9924240203979954,
  "validation_accuracy3": 0.9996190029600539,
  "validation_f1_macro": 0.8774391466609172,
  "validation_loss": 0.03115650173276663,
  "best_validation_accuracy": 0.9924240203979954,
  "best_validation_accuracy3": 0.9996190029600539,
  "best_validation_f1_macro": 0.8774391466609172,
  "best_validation_loss": 0.03115650173276663
}