{
  "best_epoch": 169,
  "peak_cpu_memory_MB": 434.868224,
  "training_duration": "02:55:44",
  "training_start_epoch": 0,
  "training_epochs": 169,
  "epoch": 169,
  "training_accuracy": 0.9950062332268715,
  "training_accuracy3": 0.9996586993932034,
  "training_f1_macro": 0.9030136234910856,
  "training_loss": 0.02138898362026377,
  "training_cpu_memory_MB": 434.868224,
  "validation_accuracy": 0.9940066234870022,
  "validation_accuracy3": 0.9996776178892764,
  "validation_f1_macro": 0.9043393468549711,
  "validation_loss": 0.02622731952223836,
  "best_validation_accuracy": 0.9940066234870022,
  "best_validation_accuracy3": 0.9996776178892764,
  "best_validation_f1_macro": 0.9043393468549711,
  "best_validation_loss": 0.02622731952223836
}