{
  "best_epoch": 95,
  "peak_cpu_memory_MB": 432.713728,
  "training_duration": "01:39:26",
  "training_start_epoch": 0,
  "training_epochs": 95,
  "epoch": 95,
  "training_accuracy": 0.9906447707358081,
  "training_accuracy3": 0.9991808785436883,
  "training_f1_macro": 0.8295788713688145,
  "training_loss": 0.03698186733073996,
  "training_cpu_memory_MB": 432.713728,
  "validation_accuracy": 0.9879253245801706,
  "validation_accuracy3": 0.9992673133847191,
  "validation_f1_macro": 0.8433767400660512,
  "validation_loss": 0.04789203959630757,
  "best_validation_accuracy": 0.9879253245801706,
  "best_validation_accuracy3": 0.9992673133847191,
  "best_validation_f1_macro": 0.8433767400660512,
  "best_validation_loss": 0.04789203959630757
}