{
  "best_epoch": 102,
  "peak_cpu_memory_MB": 433.29536,
  "training_duration": "01:46:44",
  "training_start_epoch": 0,
  "training_epochs": 102,
  "epoch": 102,
  "training_accuracy": 0.9913165940355024,
  "training_accuracy3": 0.9992275828372499,
  "training_f1_macro": 0.8405936510760359,
  "training_loss": 0.034597457436744326,
  "training_cpu_memory_MB": 433.29536,
  "validation_accuracy": 0.9887459335892852,
  "validation_accuracy3": 0.9993112745816359,
  "validation_f1_macro": 0.8469073213026413,
  "validation_loss": 0.04423775378523803,
  "best_validation_accuracy": 0.9887459335892852,
  "best_validation_accuracy3": 0.9993112745816359,
  "best_validation_f1_macro": 0.8469073213026413,
  "best_validation_loss": 0.04423775378523803
}