{
  "best_epoch": 175,
  "peak_cpu_memory_MB": 434.868224,
  "training_duration": "03:01:53",
  "training_start_epoch": 0,
  "training_epochs": 175,
  "epoch": 175,
  "training_accuracy": 0.9952469399706122,
  "training_accuracy3": 0.9996694773071023,
  "training_f1_macro": 0.9193401927959346,
  "training_loss": 0.020609693589179728,
  "training_cpu_memory_MB": 434.868224,
  "validation_accuracy": 0.9941971220069752,
  "validation_accuracy3": 0.9996629641569708,
  "validation_f1_macro": 0.9133511274124047,
  "validation_loss": 0.02546928927484082,
  "best_validation_accuracy": 0.9941971220069752,
  "best_validation_accuracy3": 0.9996629641569708,
  "best_validation_f1_macro": 0.9133511274124047,
  "best_validation_loss": 0.02546928927484082
}