{
  "best_epoch": 249,
  "peak_cpu_memory_MB": 434.868224,
  "training_duration": "04:19:28",
  "training_start_epoch": 0,
  "training_epochs": 249,
  "epoch": 249,
  "training_accuracy": 0.9968456638656066,
  "training_accuracy3": 0.9998814429471128,
  "training_f1_macro": 0.9479201072783527,
  "training_loss": 0.014279978735997024,
  "training_cpu_memory_MB": 434.868224,
  "validation_accuracy": 0.9957943788282876,
  "validation_accuracy3": 0.999809501480027,
  "validation_f1_macro": 0.93255592171708,
  "validation_loss": 0.01901726179370066,
  "best_validation_accuracy": 0.9957943788282876,
  "best_validation_accuracy3": 0.999809501480027,
  "best_validation_f1_macro": 0.93255592171708,
  "best_validation_loss": 0.01901726179370066
}