{
  "best_epoch": 144,
  "peak_cpu_memory_MB": 434.159616,
  "training_duration": "02:29:50",
  "training_start_epoch": 0,
  "training_epochs": 144,
  "epoch": 144,
  "training_accuracy": 0.9938565890776621,
  "training_accuracy3": 0.9996084024616755,
  "training_f1_macro": 0.8632172533252241,
  "training_loss": 0.02512568460699327,
  "training_cpu_memory_MB": 434.159616,
  "validation_accuracy": 0.9926438263825796,
  "validation_accuracy3": 0.9996190029600539,
  "validation_f1_macro": 0.891428520967848,
  "validation_loss": 0.030744124794515167,
  "best_validation_accuracy": 0.9926438263825796,
  "best_validation_accuracy3": 0.9996190029600539,
  "best_validation_f1_macro": 0.891428520967848,
  "best_validation_loss": 0.030744124794515167
}