{
  "best_epoch": 119,
  "peak_cpu_memory_MB": 433.487872,
  "training_duration": "02:04:27",
  "training_start_epoch": 0,
  "training_epochs": 119,
  "epoch": 119,
  "training_accuracy": 0.9923979780633526,
  "training_accuracy3": 0.9994287705633615,
  "training_f1_macro": 0.853097771675481,
  "training_loss": 0.030056706320182112,
  "training_cpu_memory_MB": 433.487872,
  "validation_accuracy": 0.990826763576683,
  "validation_accuracy3": 0.9993991969754696,
  "validation_f1_macro": 0.8577682755166268,
  "validation_loss": 0.03736364264495489,
  "best_validation_accuracy": 0.990826763576683,
  "best_validation_accuracy3": 0.9993991969754696,
  "best_validation_f1_macro": 0.8577682755166268,
  "best_validation_loss": 0.03736364264495489
}