{
  "best_epoch": 223,
  "peak_cpu_memory_MB": 434.868224,
  "training_duration": "03:52:27",
  "training_start_epoch": 0,
  "training_epochs": 223,
  "epoch": 223,
  "training_accuracy": 0.9964253252235519,
  "training_accuracy3": 0.99984551656745,
  "training_f1_macro": 0.9432994657132329,
  "training_loss": 0.01614984317158466,
  "training_cpu_memory_MB": 434.868224,
  "validation_accuracy": 0.9957064564344539,
  "validation_accuracy3": 0.999809501480027,
  "validation_f1_macro": 0.9286780638536976,
  "validation_loss": 0.020608166846015106,
  "best_validation_accuracy": 0.9957064564344539,
  "best_validation_accuracy3": 0.999809501480027,
  "best_validation_f1_macro": 0.9286780638536976,
  "best_validation_loss": 0.020608166846015106
}