{
  "best_epoch": 59,
  "peak_cpu_memory_MB": 430.239744,
  "training_duration": "01:01:59",
  "training_start_epoch": 0,
  "training_epochs": 59,
  "epoch": 59,
  "training_accuracy": 0.9848211045924691,
  "training_accuracy3": 0.998882689592487,
  "training_f1_macro": 0.7819912354020221,
  "training_loss": 0.0624648896296938,
  "training_cpu_memory_MB": 430.239744,
  "validation_accuracy": 0.9695935054658421,
  "validation_accuracy3": 0.9984906655725213,
  "validation_f1_macro": 0.765027544092972,
  "validation_loss": 0.10232303264300997,
  "best_validation_accuracy": 0.9695935054658421,
  "best_validation_accuracy3": 0.9984906655725213,
  "best_validation_f1_macro": 0.765027544092972,
  "best_validation_loss": 0.10232303264300997
}