{
  "best_epoch": 49,
  "peak_cpu_memory_MB": 429.248512,
  "training_duration": "00:51:38",
  "training_start_epoch": 0,
  "training_epochs": 49,
  "epoch": 49,
  "training_accuracy": 0.983315789284598,
  "training_accuracy3": 0.9986743165904428,
  "training_f1_macro": 0.7755131118369663,
  "training_loss": 0.07313112027296227,
  "training_cpu_memory_MB": 429.248512,
  "validation_accuracy": 0.9630579408575364,
  "validation_accuracy3": 0.9977140177603235,
  "validation_f1_macro": 0.7510412009023715,
  "validation_loss": 0.12794360509369432,
  "best_validation_accuracy": 0.9630579408575364,
  "best_validation_accuracy3": 0.9977140177603235,
  "best_validation_f1_macro": 0.7510412009023715,
  "best_validation_loss": 0.12794360509369432
}