{
  "best_epoch": 103,
  "peak_cpu_memory_MB": 433.414144,
  "training_duration": "01:47:45",
  "training_start_epoch": 0,
  "training_epochs": 103,
  "epoch": 103,
  "training_accuracy": 0.9913704836049967,
  "training_accuracy3": 0.999241953389115,
  "training_f1_macro": 0.8419867032393578,
  "training_loss": 0.03428828524436779,
  "training_cpu_memory_MB": 433.414144,
  "validation_accuracy": 0.9888192022508133,
  "validation_accuracy3": 0.9993112745816359,
  "validation_f1_macro": 0.8469966375191064,
  "validation_loss": 0.04381719658651003,
  "best_validation_accuracy": 0.9888192022508133,
  "best_validation_accuracy3": 0.9993112745816359,
  "best_validation_f1_macro": 0.8469966375191064,
  "best_validation_loss": 0.04381719658651003
}