{
  "best_epoch": 206,
  "peak_cpu_memory_MB": 434.868224,
  "training_duration": "03:35:47",
  "training_start_epoch": 0,
  "training_epochs": 207,
  "epoch": 207,
  "training_accuracy": 0.9959403190981042,
  "training_accuracy3": 0.9998095901877871,
  "training_f1_macro": 0.9350393201484641,
  "training_loss": 0.017969282225477036,
  "training_cpu_memory_MB": 434.868224,
  "validation_accuracy": 0.9957064564344539,
  "validation_accuracy3": 0.9998241552123326,
  "validation_f1_macro": 0.923639624967338,
  "validation_loss": 0.022507459742993844,
  "best_validation_accuracy": 0.9955745728437033,
  "best_validation_accuracy3": 0.9998241552123326,
  "best_validation_f1_macro": 0.9183490254463625,
  "best_validation_loss": 0.022241682245782237
}