{
  "best_epoch": 236,
  "peak_cpu_memory_MB": 434.868224,
  "training_duration": "04:06:06",
  "training_start_epoch": 0,
  "training_epochs": 236,
  "epoch": 236,
  "training_accuracy": 0.9966768098811915,
  "training_accuracy3": 0.9998742576711802,
  "training_f1_macro": 0.9475859299056019,
  "training_loss": 0.015134629039205387,
  "training_cpu_memory_MB": 434.868224,
  "validation_accuracy": 0.9956918027021482,
  "validation_accuracy3": 0.999809501480027,
  "validation_f1_macro": 0.9298015842045995,
  "validation_loss": 0.0197195932836976,
  "best_validation_accuracy": 0.9956918027021482,
  "best_validation_accuracy3": 0.999809501480027,
  "best_validation_f1_macro": 0.9298015842045995,
  "best_validation_loss": 0.0197195932836976
}