{
  "best_epoch": 225,
  "peak_cpu_memory_MB": 434.868224,
  "training_duration": "03:54:31",
  "training_start_epoch": 0,
  "training_epochs": 225,
  "epoch": 225,
  "training_accuracy": 0.9965007706208437,
  "training_accuracy3": 0.9998527018433825,
  "training_f1_macro": 0.946216654754626,
  "training_loss": 0.015980739327716435,
  "training_cpu_memory_MB": 434.868224,
  "validation_accuracy": 0.9957064564344539,
  "validation_accuracy3": 0.999809501480027,
  "validation_f1_macro": 0.928677627383371,
  "validation_loss": 0.02045582762987512,
  "best_validation_accuracy": 0.9957064564344539,
  "best_validation_accuracy3": 0.999809501480027,
  "best_validation_f1_macro": 0.928677627383371,
  "best_validation_loss": 0.02045582762987512
}