{
  "best_epoch": 100,
  "peak_cpu_memory_MB": 433.29536,
  "training_duration": "01:44:39",
  "training_start_epoch": 0,
  "training_epochs": 100,
  "epoch": 100,
  "training_accuracy": 0.9911405547751547,
  "training_accuracy3": 0.9992132122853848,
  "training_f1_macro": 0.8375149843697974,
  "training_loss": 0.035247695791217205,
  "training_cpu_memory_MB": 433.29536,
  "validation_accuracy": 0.9883795902816447,
  "validation_accuracy3": 0.9992966208493304,
  "validation_f1_macro": 0.8474939988210083,
  "validation_loss": 0.045445137725370684,
  "best_validation_accuracy": 0.9883795902816447,
  "best_validation_accuracy3": 0.9992966208493304,
  "best_validation_f1_macro": 0.8474939988210083,
  "best_validation_loss": 0.045445137725370684
}