{
  "best_epoch": 105,
  "peak_cpu_memory_MB": 433.414144,
  "training_duration": "01:49:50",
  "training_start_epoch": 0,
  "training_epochs": 105,
  "epoch": 105,
  "training_accuracy": 0.9915357449514455,
  "training_accuracy3": 0.9992599165789464,
  "training_f1_macro": 0.8456739925680425,
  "training_loss": 0.03369731831358757,
  "training_cpu_memory_MB": 433.414144,
  "validation_accuracy": 0.9890536619677032,
  "validation_accuracy3": 0.9993259283139415,
  "validation_f1_macro": 0.8467553784741837,
  "validation_loss": 0.043026669904953095,
  "best_validation_accuracy": 0.9890536619677032,
  "best_validation_accuracy3": 0.9993259283139415,
  "best_validation_f1_macro": 0.8467553784741837,
  "best_validation_loss": 0.043026669904953095
}