{
  "best_epoch": 212,
  "peak_cpu_memory_MB": 434.868224,
  "training_duration": "03:41:08",
  "training_start_epoch": 0,
  "training_epochs": 212,
  "epoch": 212,
  "training_accuracy": 0.9962061743076088,
  "training_accuracy3": 0.9998059975498209,
  "training_f1_macro": 0.9386942786755937,
  "training_loss": 0.017265632002709246,
  "training_cpu_memory_MB": 434.868224,
  "validation_accuracy": 0.9956038803083145,
  "validation_accuracy3": 0.999809501480027,
  "validation_f1_macro": 0.918372548160459,
  "validation_loss": 0.021591142228827243,
  "best_validation_accuracy": 0.9956038803083145,
  "best_validation_accuracy3": 0.999809501480027,
  "best_validation_f1_macro": 0.918372548160459,
  "best_validation_loss": 0.021591142228827243
}