{
  "best_epoch": 150,
  "peak_cpu_memory_MB": 434.601984,
  "training_duration": "02:36:11",
  "training_start_epoch": 0,
  "training_epochs": 150,
  "epoch": 150,
  "training_accuracy": 0.9940541841658074,
  "training_accuracy3": 0.9996155877376081,
  "training_f1_macro": 0.8682519823014382,
  "training_loss": 0.02436981839267258,
  "training_cpu_memory_MB": 434.601984,
  "validation_accuracy": 0.9931420532809707,
  "validation_accuracy3": 0.9996483104246652,
  "validation_f1_macro": 0.8976325181509855,
  "validation_loss": 0.0295305051500114,
  "best_validation_accuracy": 0.9931420532809707,
  "best_validation_accuracy3": 0.9996483104246652,
  "best_validation_f1_macro": 0.8976325181509855,
  "best_validation_loss": 0.0295305051500114
}