{
  "best_epoch": 187,
  "peak_cpu_memory_MB": 434.868224,
  "training_duration": "03:14:36",
  "training_start_epoch": 0,
  "training_epochs": 187,
  "epoch": 187,
  "training_accuracy": 0.9956672786126669,
  "training_accuracy3": 0.9997018110487988,
  "training_f1_macro": 0.9242267840044066,
  "training_loss": 0.019208454854596786,
  "training_cpu_memory_MB": 434.868224,
  "validation_accuracy": 0.99454881158231,
  "validation_accuracy3": 0.9996776178892764,
  "validation_f1_macro": 0.9164988206219362,
  "validation_loss": 0.02404347477798782,
  "best_validation_accuracy": 0.99454881158231,
  "best_validation_accuracy3": 0.9996776178892764,
  "best_validation_f1_macro": 0.9164988206219362,
  "best_validation_loss": 0.02404347477798782
}