{
  "best_epoch": 74,
  "peak_cpu_memory_MB": 432.508928,
  "training_duration": "01:17:45",
  "training_start_epoch": 0,
  "training_epochs": 74,
  "epoch": 74,
  "training_accuracy": 0.9869371683546078,
  "training_accuracy3": 0.9990120245592732,
  "training_f1_macro": 0.7915491758520957,
  "training_loss": 0.049697639314669695,
  "training_cpu_memory_MB": 432.508928,
  "validation_accuracy": 0.9803639987104715,
  "validation_accuracy3": 0.9988570088801618,
  "validation_f1_macro": 0.7927897287576416,
  "validation_loss": 0.07184385462868505,
  "best_validation_accuracy": 0.9803639987104715,
  "best_validation_accuracy3": 0.9988570088801618,
  "best_validation_f1_macro": 0.7927897287576416,
  "best_validation_loss": 0.07184385462868505
}