{
  "best_epoch": 182,
  "peak_cpu_memory_MB": 434.868224,
  "training_duration": "03:09:22",
  "training_start_epoch": 0,
  "training_epochs": 182,
  "epoch": 182,
  "training_accuracy": 0.9955056099041844,
  "training_accuracy3": 0.9996910331348999,
  "training_f1_macro": 0.9233194259543404,
  "training_loss": 0.01977211259260863,
  "training_cpu_memory_MB": 434.868224,
  "validation_accuracy": 0.9945048503853932,
  "validation_accuracy3": 0.9996776178892764,
  "validation_f1_macro": 0.9160555933114587,
  "validation_loss": 0.024591748670833868,
  "best_validation_accuracy": 0.9945048503853932,
  "best_validation_accuracy3": 0.9996776178892764,
  "best_validation_f1_macro": 0.9160555933114587,
  "best_validation_loss": 0.024591748670833868
}