{
  "best_epoch": 200,
  "peak_cpu_memory_MB": 434.868224,
  "training_duration": "03:28:22",
  "training_start_epoch": 0,
  "training_epochs": 200,
  "epoch": 200,
  "training_accuracy": 0.9956385375089367,
  "training_accuracy3": 0.999780849084057,
  "training_f1_macro": 0.9301140552014802,
  "training_loss": 0.01893723436943562,
  "training_cpu_memory_MB": 434.868224,
  "validation_accuracy": 0.9951349608745348,
  "validation_accuracy3": 0.9997508865508045,
  "validation_f1_macro": 0.9173918722129898,
  "validation_loss": 0.023386550578856614,
  "best_validation_accuracy": 0.9951349608745348,
  "best_validation_accuracy3": 0.9997508865508045,
  "best_validation_f1_macro": 0.9173918722129898,
  "best_validation_loss": 0.023386550578856614
}