{
  "best_epoch": 244,
  "peak_cpu_memory_MB": 434.868224,
  "training_duration": "04:14:19",
  "training_start_epoch": 0,
  "training_epochs": 244,
  "epoch": 244,
  "training_accuracy": 0.9967953669340787,
  "training_accuracy3": 0.9998742576711802,
  "training_f1_macro": 0.9477051063835842,
  "training_loss": 0.014586624693582783,
  "training_cpu_memory_MB": 434.868224,
  "validation_accuracy": 0.9957650713636763,
  "validation_accuracy3": 0.999809501480027,
  "validation_f1_macro": 0.9298598611023268,
  "validation_loss": 0.019285736196651693,
  "best_validation_accuracy": 0.9957650713636763,
  "best_validation_accuracy3": 0.999809501480027,
  "best_validation_f1_macro": 0.9298598611023268,
  "best_validation_loss": 0.019285736196651693
}