{
  "best_epoch": 171,
  "peak_cpu_memory_MB": 434.868224,
  "training_duration": "02:57:45",
  "training_start_epoch": 0,
  "training_epochs": 171,
  "epoch": 171,
  "training_accuracy": 0.9951104197278936,
  "training_accuracy3": 0.9996622920311697,
  "training_f1_macro": 0.9129159177184578,
  "training_loss": 0.021121056477154444,
  "training_cpu_memory_MB": 434.868224,
  "validation_accuracy": 0.9941091996131415,
  "validation_accuracy3": 0.9996776178892764,
  "validation_f1_macro": 0.9048099477815008,
  "validation_loss": 0.025962687642654268,
  "best_validation_accuracy": 0.9941091996131415,
  "best_validation_accuracy3": 0.9996776178892764,
  "best_validation_f1_macro": 0.9048099477815008,
  "best_validation_loss": 0.025962687642654268
}