{
  "best_epoch": 96,
  "peak_cpu_memory_MB": 432.713728,
  "training_duration": "01:40:30",
  "training_start_epoch": 0,
  "training_epochs": 96,
  "epoch": 96,
  "training_accuracy": 0.9907848836164931,
  "training_accuracy3": 0.9991952490955534,
  "training_f1_macro": 0.8324509214041407,
  "training_loss": 0.03661840327898275,
  "training_cpu_memory_MB": 432.713728,
  "validation_accuracy": 0.9879692857770874,
  "validation_accuracy3": 0.9992673133847191,
  "validation_f1_macro": 0.844169466118781,
  "validation_loss": 0.04741586031528508,
  "best_validation_accuracy": 0.9879692857770874,
  "best_validation_accuracy3": 0.9992673133847191,
  "best_validation_f1_macro": 0.844169466118781,
  "best_validation_loss": 0.04741586031528508
}