{
  "best_epoch": 42,
  "peak_cpu_memory_MB": 427.999232,
  "training_duration": "00:44:16",
  "training_start_epoch": 0,
  "training_epochs": 42,
  "epoch": 42,
  "training_accuracy": 0.9807614236905733,
  "training_accuracy3": 0.9982467926724556,
  "training_f1_macro": 0.7637190303588908,
  "training_loss": 0.08405993322278568,
  "training_cpu_memory_MB": 427.999232,
  "validation_accuracy": 0.9478473667243047,
  "validation_accuracy3": 0.9966736027666246,
  "validation_f1_macro": 0.7051455937110472,
  "validation_loss": 0.17144289085777795,
  "best_validation_accuracy": 0.9478473667243047,
  "best_validation_accuracy3": 0.9966736027666246,
  "best_validation_f1_macro": 0.7051455937110472,
  "best_validation_loss": 0.17144289085777795
}