{
  "best_epoch": 251,
  "peak_cpu_memory_MB": 434.868224,
  "training_duration": "04:21:35",
  "training_start_epoch": 0,
  "training_epochs": 251,
  "epoch": 251,
  "training_accuracy": 0.9968887755212019,
  "training_accuracy3": 0.999885035585079,
  "training_f1_macro": 0.9488706068879016,
  "training_loss": 0.014151005557470559,
  "training_cpu_memory_MB": 434.868224,
  "validation_accuracy": 0.9957504176313707,
  "validation_accuracy3": 0.999809501480027,
  "validation_f1_macro": 0.9303405797920264,
  "validation_loss": 0.01892703382025768,
  "best_validation_accuracy": 0.9957504176313707,
  "best_validation_accuracy3": 0.999809501480027,
  "best_validation_f1_macro": 0.9303405797920264,
  "best_validation_loss": 0.01892703382025768
}