{
  "best_epoch": 5,
  "peak_cpu_memory_MB": 412.315648,
  "training_duration": "00:06:07",
  "training_start_epoch": 0,
  "training_epochs": 5,
  "epoch": 5,
  "training_accuracy": 0.7164402705974916,
  "training_accuracy3": 0.9412855177170941,
  "training_f1_macro": 0.3950371671237181,
  "training_loss": 0.9446654944362755,
  "training_cpu_memory_MB": 412.315648,
  "validation_accuracy": 0.456434453855397,
  "validation_accuracy3": 0.7344450631575863,
  "validation_f1_macro": 0.11845370427854436,
  "validation_loss": 1.7336442237947045,
  "best_validation_accuracy": 0.456434453855397,
  "best_validation_accuracy3": 0.7344450631575863,
  "best_validation_f1_macro": 0.11845370427854436,
  "best_validation_loss": 1.7336442237947045
}