{
  "best_epoch": 115,
  "peak_cpu_memory_MB": 433.414144,
  "training_duration": "02:00:20",
  "training_start_epoch": 0,
  "training_epochs": 115,
  "epoch": 115,
  "training_accuracy": 0.9920854185602863,
  "training_accuracy3": 0.9994036220975976,
  "training_f1_macro": 0.850754826615789,
  "training_loss": 0.03103282188293998,
  "training_cpu_memory_MB": 433.414144,
  "validation_accuracy": 0.990211306819847,
  "validation_accuracy3": 0.9993845432431641,
  "validation_f1_macro": 0.8570878292650056,
  "validation_loss": 0.03894245674515643,
  "best_validation_accuracy": 0.990211306819847,
  "best_validation_accuracy3": 0.9993845432431641,
  "best_validation_f1_macro": 0.8570878292650056,
  "best_validation_loss": 0.03894245674515643
}