{
  "best_epoch": 114,
  "peak_cpu_memory_MB": 433.414144,
  "training_duration": "01:59:15",
  "training_start_epoch": 0,
  "training_epochs": 114,
  "epoch": 114,
  "training_accuracy": 0.9920243437148595,
  "training_accuracy3": 0.9993820662698,
  "training_f1_macro": 0.8503145019818451,
  "training_loss": 0.031289011332022394,
  "training_cpu_memory_MB": 433.414144,
  "validation_accuracy": 0.9900940769614021,
  "validation_accuracy3": 0.9993845432431641,
  "validation_f1_macro": 0.8562859799423046,
  "validation_loss": 0.039400478098087194,
  "best_validation_accuracy": 0.9900940769614021,
  "best_validation_accuracy3": 0.9993845432431641,
  "best_validation_f1_macro": 0.8562859799423046,
  "best_validation_loss": 0.039400478098087194
}