{
  "best_epoch": 254,
  "peak_cpu_memory_MB": 434.868224,
  "training_duration": "04:24:48",
  "training_start_epoch": 0,
  "training_epochs": 254,
  "epoch": 254,
  "training_accuracy": 0.9969318871767973,
  "training_accuracy3": 0.9998886282230454,
  "training_f1_macro": 0.9489116252173346,
  "training_loss": 0.013969542538122591,
  "training_cpu_memory_MB": 434.868224,
  "validation_accuracy": 0.9957797250959819,
  "validation_accuracy3": 0.999809501480027,
  "validation_f1_macro": 0.9325395054693097,
  "validation_loss": 0.018769295789619406,
  "best_validation_accuracy": 0.9957797250959819,
  "best_validation_accuracy3": 0.999809501480027,
  "best_validation_f1_macro": 0.9325395054693097,
  "best_validation_loss": 0.018769295789619406
}