{
  "best_epoch": 216,
  "peak_cpu_memory_MB": 434.868224,
  "training_duration": "03:45:21",
  "training_start_epoch": 0,
  "training_epochs": 216,
  "epoch": 216,
  "training_accuracy": 0.9962780270669345,
  "training_accuracy3": 0.9998275533776186,
  "training_f1_macro": 0.9426867420966499,
  "training_loss": 0.016812800930277583,
  "training_cpu_memory_MB": 434.868224,
  "validation_accuracy": 0.9956478415052313,
  "validation_accuracy3": 0.999809501480027,
  "validation_f1_macro": 0.9189094778100002,
  "validation_loss": 0.021219101757174584,
  "best_validation_accuracy": 0.9956478415052313,
  "best_validation_accuracy3": 0.999809501480027,
  "best_validation_f1_macro": 0.9189094778100002,
  "best_validation_loss": 0.021219101757174584
}