{
  "best_epoch": 235,
  "peak_cpu_memory_MB": 434.868224,
  "training_duration": "04:05:03",
  "training_start_epoch": 0,
  "training_epochs": 235,
  "epoch": 235,
  "training_accuracy": 0.9966624393293263,
  "training_accuracy3": 0.9998742576711802,
  "training_f1_macro": 0.9475716323413406,
  "training_loss": 0.015206475400583383,
  "training_cpu_memory_MB": 434.868224,
  "validation_accuracy": 0.9957064564344539,
  "validation_accuracy3": 0.999809501480027,
  "validation_f1_macro": 0.9298185354885758,
  "validation_loss": 0.01977983310182647,
  "best_validation_accuracy": 0.9957064564344539,
  "best_validation_accuracy3": 0.999809501480027,
  "best_validation_f1_macro": 0.9298185354885758,
  "best_validation_loss": 0.01977983310182647
}