{
  "best_epoch": 194,
  "peak_cpu_memory_MB": 434.868224,
  "training_duration": "03:24:08",
  "training_start_epoch": 0,
  "training_epochs": 196,
  "epoch": 196,
  "training_accuracy": 0.9936230676098539,
  "training_accuracy3": 0.9996694773071023,
  "training_f1_macro": 0.8883182647728471,
  "training_loss": 0.02336723806927661,
  "training_cpu_memory_MB": 434.868224,
  "validation_accuracy": 0.9923360980041617,
  "validation_accuracy3": 0.9997069253538876,
  "validation_f1_macro": 0.9084882817277284,
  "validation_loss": 0.031194081507259754,
  "best_validation_accuracy": 0.9945634653146156,
  "best_validation_accuracy3": 0.9997215790861933,
  "best_validation_f1_macro": 0.9171676926558979,
  "best_validation_loss": 0.02347328852316955
}