{
  "best_epoch": 43,
  "peak_cpu_memory_MB": 427.999232,
  "training_duration": "00:45:19",
  "training_start_epoch": 0,
  "training_epochs": 43,
  "epoch": 43,
  "training_accuracy": 0.9811961328844931,
  "training_accuracy3": 0.9983006822419498,
  "training_f1_macro": 0.7671116350154156,
  "training_loss": 0.08218650461849339,
  "training_cpu_memory_MB": 427.999232,
  "validation_accuracy": 0.9510125729023182,
  "validation_accuracy3": 0.9968201400896809,
  "validation_f1_macro": 0.7162939069336319,
  "validation_loss": 0.16299602970844362,
  "best_validation_accuracy": 0.9510125729023182,
  "best_validation_accuracy3": 0.9968201400896809,
  "best_validation_f1_macro": 0.7162939069336319,
  "best_validation_loss": 0.16299602970844362
}