{
  "best_epoch": 172,
  "peak_cpu_memory_MB": 434.868224,
  "training_duration": "02:58:46",
  "training_start_epoch": 0,
  "training_epochs": 172,
  "epoch": 172,
  "training_accuracy": 0.9951391608316238,
  "training_accuracy3": 0.9996622920311697,
  "training_f1_macro": 0.913918426432687,
  "training_loss": 0.02099009255549597,
  "training_cpu_memory_MB": 434.868224,
  "validation_accuracy": 0.9940945458808359,
  "validation_accuracy3": 0.9996776178892764,
  "validation_f1_macro": 0.9078367071928174,
  "validation_loss": 0.025836837523412412,
  "best_validation_accuracy": 0.9940945458808359,
  "best_validation_accuracy3": 0.9996776178892764,
  "best_validation_f1_macro": 0.9078367071928174,
  "best_validation_loss": 0.025836837523412412
}