{
  "best_epoch": 70,
  "peak_cpu_memory_MB": 432.402432,
  "training_duration": "01:13:31",
  "training_start_epoch": 0,
  "training_epochs": 70,
  "epoch": 70,
  "training_accuracy": 0.9862940861586437,
  "training_accuracy3": 0.9989689129036777,
  "training_f1_macro": 0.7862440159510584,
  "training_loss": 0.05308840710468992,
  "training_cpu_memory_MB": 432.402432,
  "validation_accuracy": 0.9786934732276311,
  "validation_accuracy3": 0.9987837402186337,
  "validation_f1_macro": 0.7849987365738252,
  "validation_loss": 0.07736975890470714,
  "best_validation_accuracy": 0.9786934732276311,
  "best_validation_accuracy3": 0.9987837402186337,
  "best_validation_f1_macro": 0.7849987365738252,
  "best_validation_loss": 0.07736975890470714
}