{
  "best_epoch": 125,
  "peak_cpu_memory_MB": 433.487872,
  "training_duration": "02:10:43",
  "training_start_epoch": 0,
  "training_epochs": 125,
  "epoch": 125,
  "training_accuracy": 0.9927716124118456,
  "training_accuracy3": 0.9994682895809907,
  "training_f1_macro": 0.8545590325342026,
  "training_loss": 0.028706687215358732,
  "training_cpu_memory_MB": 433.487872,
  "validation_accuracy": 0.9914861815304358,
  "validation_accuracy3": 0.9994431581723865,
  "validation_f1_macro": 0.8580671767254111,
  "validation_loss": 0.03544221972910369,
  "best_validation_accuracy": 0.9914861815304358,
  "best_validation_accuracy3": 0.9994431581723865,
  "best_validation_f1_macro": 0.8580671767254111,
  "best_validation_loss": 0.03544221972910369
}