{
  "best_epoch": 214,
  "peak_cpu_memory_MB": 434.868224,
  "training_duration": "03:43:16",
  "training_start_epoch": 0,
  "training_epochs": 214,
  "epoch": 214,
  "training_accuracy": 0.9962528786011705,
  "training_accuracy3": 0.9998095901877871,
  "training_f1_macro": 0.9398481363493234,
  "training_loss": 0.017035740815259205,
  "training_cpu_memory_MB": 434.868224,
  "validation_accuracy": 0.9956185340406202,
  "validation_accuracy3": 0.999809501480027,
  "validation_f1_macro": 0.9188643891607953,
  "validation_loss": 0.02139147385818566,
  "best_validation_accuracy": 0.9956185340406202,
  "best_validation_accuracy3": 0.999809501480027,
  "best_validation_f1_macro": 0.9188643891607953,
  "best_validation_loss": 0.02139147385818566
}