{
  "best_epoch": 8,
  "peak_cpu_memory_MB": 337.723392,
  "training_duration": "00:07:21",
  "training_start_epoch": 0,
  "training_epochs": 8,
  "epoch": 8,
  "training_accuracy": 0.5002676515284878,
  "training_accuracy3": 0.7858787772097418,
  "training_f1_macro": 0.15489431668756792,
  "training_loss": 1.5950494879734016,
  "training_cpu_memory_MB": 337.723392,
  "validation_accuracy": 0.3979807156882858,
  "validation_accuracy3": 0.6139327686761819,
  "validation_f1_macro": 0.025614849763167507,
  "validation_loss": 3.2658582460589525,
  "best_validation_accuracy": 0.3979807156882858,
  "best_validation_accuracy3": 0.6139327686761819,
  "best_validation_f1_macro": 0.025614849763167507,
  "best_validation_loss": 3.2658582460589525
}