{
  "best_epoch": 5,
  "peak_cpu_memory_MB": 337.08032,
  "training_duration": "00:05:42",
  "training_start_epoch": 0,
  "training_epochs": 6,
  "epoch": 6,
  "training_accuracy": 0.4253000750861335,
  "training_accuracy3": 0.7056946904403496,
  "training_f1_macro": 0.13011570233514613,
  "training_loss": 1.843665519160425,
  "training_cpu_memory_MB": 337.08032,
  "validation_accuracy": 0.3492130945751883,
  "validation_accuracy3": 0.4919990621611324,
  "validation_f1_macro": 0.003112214098866046,
  "validation_loss": 4.826907370148636,
  "best_validation_accuracy": 0.3492130945751883,
  "best_validation_accuracy3": 0.5050994988423552,
  "best_validation_f1_macro": 0.00314303519657487,
  "best_validation_loss": 4.139526524194857
}