{
  "best_epoch": 18,
  "peak_cpu_memory_MB": 441.892864,
  "training_duration": "00:24:25",
  "training_start_epoch": 0,
  "training_epochs": 20,
  "epoch": 20,
  "training_accuracy": 0.9912950382077048,
  "training_accuracy3": 0.9994287705633615,
  "training_f1_macro": 0.8603839834734808,
  "training_loss": 0.03679251140903704,
  "training_cpu_memory_MB": 441.892864,
  "validation_accuracy": 0.9659593798540488,
  "validation_accuracy3": 0.9968201400896809,
  "validation_f1_macro": 0.8695543507296035,
  "validation_loss": 0.13778768256079496,
  "best_validation_accuracy": 0.9891122768969256,
  "best_validation_accuracy3": 0.9991793909908854,
  "best_validation_f1_macro": 0.8503320091352079,
  "best_validation_loss": 0.04657337298934779
}