{
  "best_epoch": 18,
  "peak_cpu_memory_MB": 445.427712,
  "training_duration": "00:31:23",
  "training_start_epoch": 0,
  "training_epochs": 26,
  "epoch": 26,
  "training_accuracy": 0.9802333059095302,
  "training_accuracy3": 0.9976971190636148,
  "training_f1_macro": 0.8264831448846239,
  "training_loss": 0.09643831418012966,
  "training_cpu_memory_MB": 445.427712,
  "validation_accuracy": 0.9363002256674775,
  "validation_accuracy3": 0.9853023064974649,
  "validation_f1_macro": 0.7729337249430027,
  "validation_loss": 0.39008969304765145,
  "best_validation_accuracy": 0.9891122768969256,
  "best_validation_accuracy3": 0.9991793909908854,
  "best_validation_f1_macro": 0.8503320091352079,
  "best_validation_loss": 0.04657337298934779
}