{
  "best_epoch": 9,
  "peak_cpu_memory_MB": 438.345728,
  "training_duration": "00:13:38",
  "training_start_epoch": 0,
  "training_epochs": 11,
  "epoch": 11,
  "training_accuracy": 0.9906124369941116,
  "training_accuracy3": 0.9990515435769022,
  "training_f1_macro": 0.8708338755186881,
  "training_loss": 0.04100170871800559,
  "training_cpu_memory_MB": 438.345728,
  "validation_accuracy": 0.9685823979367545,
  "validation_accuracy3": 0.9973330207203774,
  "validation_f1_macro": 0.8666840608674957,
  "validation_loss": 0.1465936310634744,
  "best_validation_accuracy": 0.9851411154421031,
  "best_validation_accuracy3": 0.9985346267694382,
  "best_validation_f1_macro": 0.8367358334605068,
  "best_validation_loss": 0.07776108288728609
}