{
  "best_epoch": 18,
  "peak_cpu_memory_MB": 444.633088,
  "training_duration": "00:30:14",
  "training_start_epoch": 0,
  "training_epochs": 25,
  "epoch": 25,
  "training_accuracy": 0.9762346998530611,
  "training_accuracy3": 0.9963822135679565,
  "training_f1_macro": 0.8093224302096915,
  "training_loss": 0.13105119760203995,
  "training_cpu_memory_MB": 444.633088,
  "validation_accuracy": 0.9073444506315759,
  "validation_accuracy3": 0.9761730312710647,
  "validation_f1_macro": 0.7393084113959315,
  "validation_loss": 0.5353164203555846,
  "best_validation_accuracy": 0.9891122768969256,
  "best_validation_accuracy3": 0.9991793909908854,
  "best_validation_f1_macro": 0.8503320091352079,
  "best_validation_loss": 0.04657337298934779
}