{
  "best_epoch": 0,
  "peak_cpu_memory_MB": 414.068736,
  "training_duration": "00:04:18",
  "training_start_epoch": 0,
  "training_epochs": 3,
  "epoch": 3,
  "training_accuracy": 0.9392880110078428,
  "training_accuracy3": 0.9749126090814703,
  "training_f1_macro": 0.7251815834919936,
  "training_loss": 0.50812921457238,
  "training_cpu_memory_MB": 414.068736,
  "validation_accuracy": 0.6236188857301955,
  "validation_accuracy3": 0.7031153834881745,
  "validation_f1_macro": 0.2618715507244169,
  "validation_loss": 5.859870776170638,
  "best_validation_accuracy": 0.6480759649482724,
  "best_validation_accuracy3": 0.7433545323994021,
  "best_validation_f1_macro": 0.29265010767536737,
  "best_validation_loss": 3.4727361069583313
}