{
  "best_epoch": 12,
  "peak_cpu_memory_MB": 440.385536,
  "training_duration": "00:17:24",
  "training_start_epoch": 0,
  "training_epochs": 14,
  "epoch": 14,
  "training_accuracy": 0.9929584295860922,
  "training_accuracy3": 0.9995796613579453,
  "training_f1_macro": 0.9018633881498006,
  "training_loss": 0.028721710381204052,
  "training_cpu_memory_MB": 440.385536,
  "validation_accuracy": 0.9798657718120806,
  "validation_accuracy3": 0.9995310805662202,
  "validation_f1_macro": 0.9104683542399621,
  "validation_loss": 0.08404858679533368,
  "best_validation_accuracy": 0.9886140499985346,
  "best_validation_accuracy3": 0.9991647372585798,
  "best_validation_f1_macro": 0.911642307033094,
  "best_validation_loss": 0.05397742668666491
}