{
  "best_epoch": 18,
  "peak_cpu_memory_MB": 444.633088,
  "training_duration": "00:29:05",
  "training_start_epoch": 0,
  "training_epochs": 24,
  "epoch": 24,
  "training_accuracy": 0.9743126385411016,
  "training_accuracy3": 0.9959978013055646,
  "training_f1_macro": 0.8178377001906731,
  "training_loss": 0.13221465476682623,
  "training_cpu_memory_MB": 444.633088,
  "validation_accuracy": 0.8839864013364204,
  "validation_accuracy3": 0.9708097652472084,
  "validation_f1_macro": 0.7107231317918309,
  "validation_loss": 0.7816325456085729,
  "best_validation_accuracy": 0.9891122768969256,
  "best_validation_accuracy3": 0.9991793909908854,
  "best_validation_f1_macro": 0.8503320091352079,
  "best_validation_loss": 0.04657337298934779
}