{
  "best_epoch": 0,
  "peak_cpu_memory_MB": 226.267136,
  "training_duration": "00:01:01",
  "training_start_epoch": 0,
  "training_epochs": 0,
  "epoch": 0,
  "training_accuracy": 0.9157670102426109,
  "training_accuracy3": 0.964048471871441,
  "training_f1_macro": 0.7055475098390548,
  "training_loss": 0.39102680564573605,
  "training_cpu_memory_MB": 226.267136,
  "validation_accuracy": 0.6480759649482724,
  "validation_accuracy3": 0.7433545323994021,
  "validation_f1_macro": 0.29265010767536737,
  "validation_loss": 3.4727361069583313,
  "best_validation_accuracy": 0.6480759649482724,
  "best_validation_accuracy3": 0.7433545323994021,
  "best_validation_f1_macro": 0.29265010767536737,
  "best_validation_loss": 3.4727361069583313
}