{
  "best_epoch": 9,
  "peak_cpu_memory_MB": 434.515968,
  "training_duration": "00:12:28",
  "training_start_epoch": 0,
  "training_epochs": 10,
  "epoch": 10,
  "training_accuracy": 0.9878856247777055,
  "training_accuracy3": 0.998663538676544,
  "training_f1_macro": 0.826635480168449,
  "training_loss": 0.04987112520552592,
  "training_cpu_memory_MB": 434.515968,
  "validation_accuracy": 0.9826353272178424,
  "validation_accuracy3": 0.9982855133202426,
  "validation_f1_macro": 0.8548696461639185,
  "validation_loss": 0.08174463550037728,
  "best_validation_accuracy": 0.9851411154421031,
  "best_validation_accuracy3": 0.9985346267694382,
  "best_validation_f1_macro": 0.8367358334605068,
  "best_validation_loss": 0.07776108288728609
}