{
  "best_epoch": 0,
  "peak_cpu_memory_MB": 414.068736,
  "training_duration": "00:05:28",
  "training_start_epoch": 0,
  "training_epochs": 4,
  "epoch": 4,
  "training_accuracy": 0.9388353386240915,
  "training_accuracy3": 0.9733821453078352,
  "training_f1_macro": 0.7312975818897361,
  "training_loss": 0.5084442369929866,
  "training_cpu_memory_MB": 414.068736,
  "validation_accuracy": 0.6681515782069694,
  "validation_accuracy3": 0.7674452683098385,
  "validation_f1_macro": 0.3261513850874284,
  "validation_loss": 4.128591736278882,
  "best_validation_accuracy": 0.6480759649482724,
  "best_validation_accuracy3": 0.7433545323994021,
  "best_validation_f1_macro": 0.29265010767536737,
  "best_validation_loss": 3.4727361069583313
}