{
  "best_epoch": 2,
  "peak_cpu_memory_MB": 383.50848,
  "training_duration": "00:04:04",
  "training_start_epoch": 0,
  "training_epochs": 2,
  "epoch": 2,
  "training_accuracy": 0.9919345277657026,
  "training_accuracy3": 0.9945535608431203,
  "training_f1_macro": 0.9550593030358588,
  "training_loss": 48.88122790445111,
  "training_cpu_memory_MB": 383.50848,
  "validation_accuracy": 0.9913689516719909,
  "validation_accuracy3": 0.9941385070777528,
  "validation_f1_macro": 0.9509394020033999,
  "validation_loss": 49.98450572316239,
  "best_validation_accuracy": 0.9913689516719909,
  "best_validation_accuracy3": 0.9941385070777528,
  "best_validation_f1_macro": 0.9509394020033999,
  "best_validation_loss": 49.98450572316239
}