{
  "best_epoch": 4,
  "peak_cpu_memory_MB": 390.746112,
  "training_duration": "00:06:47",
  "training_start_epoch": 0,
  "training_epochs": 4,
  "epoch": 4,
  "training_accuracy": 0.9928183167054073,
  "training_accuracy3": 0.9954265718689262,
  "training_f1_macro": 0.9640280619868207,
  "training_loss": 40.79833542372652,
  "training_cpu_memory_MB": 390.746112,
  "validation_accuracy": 0.991515488995047,
  "validation_accuracy3": 0.9942850444008089,
  "validation_f1_macro": 0.9566395059677834,
  "validation_loss": 45.84777204001822,
  "best_validation_accuracy": 0.991515488995047,
  "best_validation_accuracy3": 0.9942850444008089,
  "best_validation_f1_macro": 0.9566395059677834,
  "best_validation_loss": 45.84777204001822
}