{
  "best_epoch": 7,
  "peak_cpu_memory_MB": 398.589952,
  "training_duration": "00:18:03",
  "training_start_epoch": 0,
  "training_epochs": 12,
  "epoch": 12,
  "training_accuracy": 0.9930698013630468,
  "training_accuracy3": 0.9956780565265657,
  "training_f1_macro": 0.9676585584356558,
  "training_loss": 36.41515864298015,
  "training_cpu_memory_MB": 398.589952,
  "validation_accuracy": 0.9919111397672987,
  "validation_accuracy3": 0.994739310102283,
  "validation_f1_macro": 0.9638388212448114,
  "validation_loss": 41.10682547964701,
  "best_validation_accuracy": 0.9928489786348583,
  "best_validation_accuracy3": 0.9956185340406202,
  "best_validation_f1_macro": 0.9680352879222194,
  "best_validation_loss": 40.93734904033382
}