{
  "best_epoch": 5,
  "peak_cpu_memory_MB": 397.037568,
  "training_duration": "00:11:59",
  "training_start_epoch": 0,
  "training_epochs": 11,
  "epoch": 11,
  "training_accuracy": 0.8806346035703636,
  "training_accuracy3": 0.9923153473901282,
  "training_f1_macro": 0.7439617972109284,
  "training_loss": 0.2927115487302849,
  "training_cpu_memory_MB": 397.037568,
  "validation_accuracy": 0.8830632162011665,
  "validation_accuracy3": 0.9917352949796313,
  "validation_f1_macro": 0.759864928046509,
  "validation_loss": 0.29705354862096833,
  "best_validation_accuracy": 0.8821253773336069,
  "best_validation_accuracy3": 0.9932006682101931,
  "best_validation_f1_macro": 0.8147465992561403,
  "best_validation_loss": 0.2884095747296403
}