{
  "best_epoch": 0,
  "peak_cpu_memory_MB": 392.056832,
  "training_duration": "00:02:48",
  "training_start_epoch": 0,
  "training_epochs": 2,
  "epoch": 2,
  "training_accuracy": 0.5606131914480846,
  "training_accuracy3": 0.7672401714406838,
  "training_f1_macro": 0.14148213937483556,
  "training_loss": 1.2983950055287983,
  "training_cpu_memory_MB": 392.056832,
  "validation_accuracy": 0.5012748747105887,
  "validation_accuracy3": 0.6721080859294862,
  "validation_f1_macro": 0.05646048100054348,
  "validation_loss": 1.5723334027499687,
  "best_validation_accuracy": 0.6180944286509774,
  "best_validation_accuracy3": 0.827921221535125,
  "best_validation_f1_macro": 0.20266913947055595,
  "best_validation_loss": 1.0417545248822468
}