{
  "best_epoch": 0,
  "peak_cpu_memory_MB": 225.345536,
  "training_duration": "00:00:55",
  "training_start_epoch": 0,
  "training_epochs": 0,
  "epoch": 0,
  "training_accuracy": 0.5974916201719437,
  "training_accuracy3": 0.7828968876977298,
  "training_f1_macro": 0.25952519989474115,
  "training_loss": 1.2256975466619708,
  "training_cpu_memory_MB": 225.345536,
  "validation_accuracy": 0.6180944286509774,
  "validation_accuracy3": 0.827921221535125,
  "validation_f1_macro": 0.20266913947055595,
  "validation_loss": 1.0417545248822468,
  "best_validation_accuracy": 0.6180944286509774,
  "best_validation_accuracy3": 0.827921221535125,
  "best_validation_f1_macro": 0.20266913947055595,
  "best_validation_loss": 1.0417545248822468
}