{
  "best_epoch": 3,
  "peak_cpu_memory_MB": 484.61824,
  "training_duration": "00:12:35",
  "training_start_epoch": 0,
  "training_epochs": 10,
  "epoch": 10,
  "training_accuracy": 0.9870952444251241,
  "training_accuracy3": 0.9995616981681139,
  "training_f1_macro": 0.8422593581866223,
  "training_loss": 0.04518963685426526,
  "training_cpu_memory_MB": 484.61824,
  "validation_accuracy": 0.9889657395738695,
  "validation_accuracy3": 0.9994871193693033,
  "validation_f1_macro": 0.8554485750866694,
  "validation_loss": 0.03859359693781632,
  "best_validation_accuracy": 0.9956771489698426,
  "best_validation_accuracy3": 0.9999267313384719,
  "best_validation_f1_macro": 0.9722023985722998,
  "best_validation_loss": 0.017660063805013167
}