{
  "best_epoch": 4,
  "peak_cpu_memory_MB": 473.407488,
  "training_duration": "00:20:27",
  "training_start_epoch": 0,
  "training_epochs": 12,
  "epoch": 12,
  "training_accuracy": 0.9986060564690835,
  "training_accuracy3": 0.9986168343829824,
  "training_f1_macro": 0.9859715127127127,
  "training_loss": 6.358276472834056,
  "training_cpu_memory_MB": 473.407488,
  "validation_accuracy": 0.9986372028955776,
  "validation_accuracy3": 0.9986811640924944,
  "validation_f1_macro": 0.9863519875091749,
  "validation_loss": 7.966824915350937,
  "best_validation_accuracy": 0.998080361067964,
  "best_validation_accuracy3": 0.9981096685325752,
  "best_validation_f1_macro": 0.9882073066483471,
  "best_validation_loss": 11.258977052642077
}