{
  "best_epoch": 5,
  "peak_cpu_memory_MB": 391.258112,
  "training_duration": "00:06:04",
  "training_start_epoch": 0,
  "training_epochs": 5,
  "epoch": 5,
  "training_accuracy": 0.4183411353454501,
  "training_accuracy3": 0.6225897890043722,
  "training_f1_macro": 0.03274440343601203,
  "training_loss": 1.8549407613491584,
  "training_cpu_memory_MB": 391.258112,
  "validation_accuracy": 0.5048064241962428,
  "validation_accuracy3": 0.7083614196535858,
  "validation_f1_macro": 0.05067987214926758,
  "validation_loss": 1.5631332193932883,
  "best_validation_accuracy": 0.5048064241962428,
  "best_validation_accuracy3": 0.7083614196535858,
  "best_validation_f1_macro": 0.05067987214926758,
  "best_validation_loss": 1.5631332193932883
}