{
  "best_epoch": 1,
  "peak_cpu_memory_MB": 374.943744,
  "training_duration": "00:01:59",
  "training_start_epoch": 0,
  "training_epochs": 1,
  "epoch": 1,
  "training_accuracy": 0.3434885233180167,
  "training_accuracy3": 0.5639004551872303,
  "training_f1_macro": 0.0,
  "training_loss": 2.212741680487901,
  "training_cpu_memory_MB": 374.943744,
  "validation_accuracy": 0.3475132616277366,
  "validation_accuracy3": 0.5580873948594707,
  "validation_f1_macro": 0.0,
  "validation_loss": 2.209872972674486,
  "best_validation_accuracy": 0.3475132616277366,
  "best_validation_accuracy3": 0.5580873948594707,
  "best_validation_f1_macro": 0.0,
  "best_validation_loss": 2.209872972674486
}