{
  "best_epoch": 4,
  "peak_cpu_memory_MB": 385.130496,
  "training_duration": "00:05:03",
  "training_start_epoch": 0,
  "training_epochs": 4,
  "epoch": 4,
  "training_accuracy": 0.3434885233180167,
  "training_accuracy3": 0.5639004551872303,
  "training_f1_macro": 0.0,
  "training_loss": 2.1791154838607696,
  "training_cpu_memory_MB": 385.130496,
  "validation_accuracy": 0.3475132616277366,
  "validation_accuracy3": 0.5580873948594707,
  "validation_f1_macro": 0.0,
  "validation_loss": 2.151156640634304,
  "best_validation_accuracy": 0.3475132616277366,
  "best_validation_accuracy3": 0.5580873948594707,
  "best_validation_f1_macro": 0.0,
  "best_validation_loss": 2.151156640634304
}