{
  "best_epoch": 14,
  "peak_cpu_memory_MB": 444.928,
  "training_duration": "00:37:12",
  "training_start_epoch": 0,
  "training_epochs": 22,
  "epoch": 22,
  "training_accuracy": 0.998045604946344,
  "training_accuracy3": 0.998085123963973,
  "training_f1_macro": 0.9724063773436654,
  "training_loss": 8.82508467771336,
  "training_cpu_memory_MB": 444.928,
  "validation_accuracy": 0.9977872864218517,
  "validation_accuracy3": 0.9978165938864629,
  "validation_f1_macro": 0.9785437035670204,
  "validation_loss": 9.263099647149808,
  "best_validation_accuracy": 0.9986518566278831,
  "best_validation_accuracy3": 0.9986518566278831,
  "best_validation_f1_macro": 0.9865137962603915,
  "best_validation_loss": 6.239886307134861
}