{
  "best_epoch": 14,
  "peak_cpu_memory_MB": 443.641856,
  "training_duration": "00:27:29",
  "training_start_epoch": 0,
  "training_epochs": 16,
  "epoch": 16,
  "training_accuracy": 0.9993066208725081,
  "training_accuracy3": 0.9993173987864069,
  "training_f1_macro": 0.993459964059606,
  "training_loss": 2.3841785899179424,
  "training_cpu_memory_MB": 443.641856,
  "validation_accuracy": 0.998578587966355,
  "validation_accuracy3": 0.998578587966355,
  "validation_f1_macro": 0.9863931360198519,
  "validation_loss": 6.282759177975539,
  "best_validation_accuracy": 0.9986518566278831,
  "best_validation_accuracy3": 0.9986518566278831,
  "best_validation_f1_macro": 0.9865137962603915,
  "best_validation_loss": 6.239886307134861
}