{
  "best_epoch": 14,
  "peak_cpu_memory_MB": 444.928,
  "training_duration": "00:35:34",
  "training_start_epoch": 0,
  "training_epochs": 21,
  "epoch": 21,
  "training_accuracy": 0.9990515435769022,
  "training_accuracy3": 0.9990659141287673,
  "training_f1_macro": 0.9889885685397894,
  "training_loss": 3.2670706103661815,
  "training_cpu_memory_MB": 444.928,
  "validation_accuracy": 0.9975528267049617,
  "validation_accuracy3": 0.9975674804372674,
  "validation_f1_macro": 0.976581181436787,
  "validation_loss": 11.10946486635906,
  "best_validation_accuracy": 0.9986518566278831,
  "best_validation_accuracy3": 0.9986518566278831,
  "best_validation_f1_macro": 0.9865137962603915,
  "best_validation_loss": 6.239886307134861
}