{
  "best_epoch": 5,
  "peak_cpu_memory_MB": 434.843648,
  "training_duration": "00:11:22",
  "training_start_epoch": 0,
  "training_epochs": 6,
  "epoch": 6,
  "training_accuracy": 0.9985809080033196,
  "training_accuracy3": 0.9985916859172185,
  "training_f1_macro": 0.9892578131524833,
  "training_loss": 7.1176110284771035,
  "training_cpu_memory_MB": 434.843648,
  "validation_accuracy": 0.9980950148002696,
  "validation_accuracy3": 0.9980950148002696,
  "validation_f1_macro": 0.9812996767586499,
  "validation_loss": 9.43943270241342,
  "best_validation_accuracy": 0.9982122446587146,
  "best_validation_accuracy3": 0.9982122446587146,
  "best_validation_f1_macro": 0.9828995108685895,
  "best_validation_loss": 9.481930290780417
}