{
  "best_epoch": 28,
  "peak_cpu_memory_MB": 446.439424,
  "training_duration": "00:48:31",
  "training_start_epoch": 0,
  "training_epochs": 29,
  "epoch": 29,
  "training_accuracy": 0.9995760687199791,
  "training_accuracy3": 0.9995904392718441,
  "training_f1_macro": 0.9932034550617471,
  "training_loss": 1.3488475462633693,
  "training_cpu_memory_MB": 446.439424,
  "validation_accuracy": 0.9982855133202426,
  "validation_accuracy3": 0.9982855133202426,
  "validation_f1_macro": 0.9912778323087698,
  "validation_loss": 6.285261386778297,
  "best_validation_accuracy": 0.9983441282494652,
  "best_validation_accuracy3": 0.9983441282494652,
  "best_validation_f1_macro": 0.9913514973635322,
  "best_validation_loss": 6.036869188634361
}