{
  "best_epoch": 14,
  "peak_cpu_memory_MB": 443.629568,
  "training_duration": "00:24:15",
  "training_start_epoch": 0,
  "training_epochs": 14,
  "epoch": 14,
  "training_accuracy": 0.9991162110602952,
  "training_accuracy3": 0.9991305816121604,
  "training_f1_macro": 0.9931465126633343,
  "training_loss": 3.5105464701167124,
  "training_cpu_memory_MB": 443.629568,
  "validation_accuracy": 0.9986518566278831,
  "validation_accuracy3": 0.9986518566278831,
  "validation_f1_macro": 0.9865137962603915,
  "validation_loss": 6.239886307134861,
  "best_validation_accuracy": 0.9986518566278831,
  "best_validation_accuracy3": 0.9986518566278831,
  "best_validation_f1_macro": 0.9865137962603915,
  "best_validation_loss": 6.239886307134861
}