{
  "best_epoch": 0,
  "peak_cpu_memory_MB": 225.251328,
  "training_duration": "00:01:38",
  "training_start_epoch": 0,
  "training_epochs": 0,
  "epoch": 0,
  "training_accuracy": 0.8825530722443569,
  "training_accuracy3": 0.8896485322277589,
  "training_f1_macro": 0.7207704592259878,
  "training_loss": 593.8690637371498,
  "training_cpu_memory_MB": 225.251328,
  "validation_accuracy": 0.9899915008352628,
  "validation_accuracy3": 0.9900354620321796,
  "validation_f1_macro": 0.9047810895142198,
  "validation_loss": 52.34365230653344,
  "best_validation_accuracy": 0.9899915008352628,
  "best_validation_accuracy3": 0.9900354620321796,
  "best_validation_f1_macro": 0.9047810895142198,
  "best_validation_loss": 52.34365230653344
}