{
  "best_epoch": 13,
  "peak_cpu_memory_MB": 439.599104,
  "training_duration": "00:22:39",
  "training_start_epoch": 0,
  "training_epochs": 13,
  "epoch": 13,
  "training_accuracy": 0.9990371730250371,
  "training_accuracy3": 0.999047950938936,
  "training_f1_macro": 0.9935009149145202,
  "training_loss": 3.9837328631007027,
  "training_cpu_memory_MB": 439.599104,
  "validation_accuracy": 0.9985346267694382,
  "validation_accuracy3": 0.9985346267694382,
  "validation_f1_macro": 0.9848997641595685,
  "validation_loss": 6.173909257097942,
  "best_validation_accuracy": 0.9985346267694382,
  "best_validation_accuracy3": 0.9985346267694382,
  "best_validation_f1_macro": 0.9848997641595685,
  "best_validation_loss": 6.173909257097942
}