{
  "best_epoch": 14,
  "peak_cpu_memory_MB": 444.137472,
  "training_duration": "00:30:43",
  "training_start_epoch": 0,
  "training_epochs": 18,
  "epoch": 18,
  "training_accuracy": 0.9993892515457324,
  "training_accuracy3": 0.9994036220975976,
  "training_f1_macro": 0.9928339202421206,
  "training_loss": 2.0213342455332866,
  "training_cpu_memory_MB": 444.137472,
  "validation_accuracy": 0.99846135810791,
  "validation_accuracy3": 0.99846135810791,
  "validation_f1_macro": 0.9854314764588089,
  "validation_loss": 6.279406477765339,
  "best_validation_accuracy": 0.9986518566278831,
  "best_validation_accuracy3": 0.9986518566278831,
  "best_validation_f1_macro": 0.9865137962603915,
  "best_validation_loss": 6.239886307134861
}