{
  "best_epoch": 14,
  "peak_cpu_memory_MB": 444.928,
  "training_duration": "00:33:57",
  "training_start_epoch": 0,
  "training_epochs": 20,
  "epoch": 20,
  "training_accuracy": 0.9993892515457324,
  "training_accuracy3": 0.9994036220975976,
  "training_f1_macro": 0.9927190828069762,
  "training_loss": 2.0046057558345223,
  "training_cpu_memory_MB": 444.928,
  "validation_accuracy": 0.9986372028955776,
  "validation_accuracy3": 0.9986372028955776,
  "validation_f1_macro": 0.9855888278940069,
  "validation_loss": 5.918289045008217,
  "best_validation_accuracy": 0.9986518566278831,
  "best_validation_accuracy3": 0.9986518566278831,
  "best_validation_f1_macro": 0.9865137962603915,
  "best_validation_loss": 6.239886307134861
}