{
  "best_epoch": 93,
  "peak_cpu_memory_MB": 445.149184,
  "training_duration": "01:28:29",
  "training_start_epoch": 0,
  "training_epochs": 93,
  "epoch": 93,
  "training_accuracy": 0.9908172173581896,
  "training_accuracy3": 0.9989150233341836,
  "training_f1_macro": 0.840454049796981,
  "training_loss": 0.037598566854829915,
  "training_cpu_memory_MB": 445.149184,
  "validation_accuracy": 0.9873098678233346,
  "validation_accuracy3": 0.999003546203218,
  "validation_f1_macro": 0.8423296048868271,
  "validation_loss": 0.04832522253074297,
  "best_validation_accuracy": 0.9873098678233346,
  "best_validation_accuracy3": 0.999003546203218,
  "best_validation_f1_macro": 0.8423296048868271,
  "best_validation_loss": 0.04832522253074297
}