{
  "best_epoch": 60,
  "peak_cpu_memory_MB": 441.91744,
  "training_duration": "00:57:08",
  "training_start_epoch": 0,
  "training_epochs": 60,
  "epoch": 60,
  "training_accuracy": 0.9844546555199086,
  "training_accuracy3": 0.9987317987979033,
  "training_f1_macro": 0.7759855601718353,
  "training_loss": 0.062150795693079866,
  "training_cpu_memory_MB": 441.91744,
  "validation_accuracy": 0.9795433897013569,
  "validation_accuracy3": 0.9987690864863281,
  "validation_f1_macro": 0.7759429217622857,
  "validation_loss": 0.07793013351719554,
  "best_validation_accuracy": 0.9795433897013569,
  "best_validation_accuracy3": 0.9987690864863281,
  "best_validation_f1_macro": 0.7759429217622857,
  "best_validation_loss": 0.07793013351719554
}