{
  "best_epoch": 74,
  "peak_cpu_memory_MB": 443.478016,
  "training_duration": "01:10:28",
  "training_start_epoch": 0,
  "training_epochs": 74,
  "epoch": 74,
  "training_accuracy": 0.987853291036009,
  "training_accuracy3": 0.9987461693497685,
  "training_f1_macro": 0.8052981940059466,
  "training_loss": 0.04863701325779903,
  "training_cpu_memory_MB": 443.478016,
  "validation_accuracy": 0.982957709328566,
  "validation_accuracy3": 0.9987251252894113,
  "validation_f1_macro": 0.8293176622579119,
  "validation_loss": 0.06430622862606514,
  "best_validation_accuracy": 0.982957709328566,
  "best_validation_accuracy3": 0.9987251252894113,
  "best_validation_f1_macro": 0.8293176622579119,
  "best_validation_loss": 0.06430622862606514
}