{
  "best_epoch": 29,
  "peak_cpu_memory_MB": 439.369728,
  "training_duration": "00:27:42",
  "training_start_epoch": 0,
  "training_epochs": 29,
  "epoch": 29,
  "training_accuracy": 0.9620653357140547,
  "training_accuracy3": 0.9976288589422555,
  "training_f1_macro": 0.7036035731466045,
  "training_loss": 0.14543653768069015,
  "training_cpu_memory_MB": 439.369728,
  "validation_accuracy": 0.910333812021922,
  "validation_accuracy3": 0.99324462940711,
  "validation_f1_macro": 0.6206169934110232,
  "validation_loss": 0.2915752399258497,
  "best_validation_accuracy": 0.910333812021922,
  "best_validation_accuracy3": 0.99324462940711,
  "best_validation_f1_macro": 0.6206169934110232,
  "best_validation_loss": 0.2915752399258497
}