{
  "best_epoch": 71,
  "peak_cpu_memory_MB": 443.478016,
  "training_duration": "01:07:34",
  "training_start_epoch": 0,
  "training_epochs": 71,
  "epoch": 71,
  "training_accuracy": 0.9867180174386647,
  "training_accuracy3": 0.9987461693497685,
  "training_f1_macro": 0.7933350286768044,
  "training_loss": 0.051499387115507785,
  "training_cpu_memory_MB": 443.478016,
  "validation_accuracy": 0.982034524193312,
  "validation_accuracy3": 0.9987837402186337,
  "validation_f1_macro": 0.8254099305130511,
  "validation_loss": 0.06848469521941208,
  "best_validation_accuracy": 0.982034524193312,
  "best_validation_accuracy3": 0.9987837402186337,
  "best_validation_f1_macro": 0.8254099305130511,
  "best_validation_loss": 0.06848469521941208
}