{
  "best_epoch": 14,
  "peak_cpu_memory_MB": 435.273728,
  "training_duration": "00:13:47",
  "training_start_epoch": 0,
  "training_epochs": 14,
  "epoch": 14,
  "training_accuracy": 0.9251545732484991,
  "training_accuracy3": 0.991722562125692,
  "training_f1_macro": 0.6283123211290943,
  "training_loss": 0.3195313882684993,
  "training_cpu_memory_MB": 435.273728,
  "validation_accuracy": 0.7172269276984848,
  "validation_accuracy3": 0.8849535476685912,
  "validation_f1_macro": 0.39634482531170656,
  "validation_loss": 1.0579856895818942,
  "best_validation_accuracy": 0.7172269276984848,
  "best_validation_accuracy3": 0.8849535476685912,
  "best_validation_f1_macro": 0.39634482531170656,
  "best_validation_loss": 1.0579856895818942
}