{
  "best_epoch": 0,
  "peak_cpu_memory_MB": 225.292288,
  "training_duration": "00:00:54",
  "training_start_epoch": 0,
  "training_epochs": 0,
  "epoch": 0,
  "training_accuracy": 0.34260473437831196,
  "training_accuracy3": 0.6165757130488203,
  "training_f1_macro": 0.026033097245586292,
  "training_loss": 2.2667851019762235,
  "training_cpu_memory_MB": 225.292288,
  "validation_accuracy": 0.3475132616277366,
  "validation_accuracy3": 0.49915008352627416,
  "validation_f1_macro": 0.0,
  "validation_loss": 2.462061579634504,
  "best_validation_accuracy": 0.3475132616277366,
  "best_validation_accuracy3": 0.49915008352627416,
  "best_validation_f1_macro": 0.0,
  "best_validation_loss": 2.462061579634504
}