{
  "best_epoch": 23,
  "peak_cpu_memory_MB": 439.246848,
  "training_duration": "00:22:02",
  "training_start_epoch": 0,
  "training_epochs": 23,
  "epoch": 23,
  "training_accuracy": 0.9489989114306963,
  "training_accuracy3": 0.996594179207967,
  "training_f1_macro": 0.6796951061378929,
  "training_loss": 0.18993621814750625,
  "training_cpu_memory_MB": 439.246848,
  "validation_accuracy": 0.8260455438000058,
  "validation_accuracy3": 0.9795140822367457,
  "validation_f1_macro": 0.5261053088141251,
  "validation_loss": 0.5250426559913449,
  "best_validation_accuracy": 0.8260455438000058,
  "best_validation_accuracy3": 0.9795140822367457,
  "best_validation_f1_macro": 0.5261053088141251,
  "best_validation_loss": 0.5250426559913449
}