{
  "best_epoch": 70,
  "peak_cpu_memory_MB": 443.04384,
  "training_duration": "01:06:36",
  "training_start_epoch": 0,
  "training_epochs": 70,
  "epoch": 70,
  "training_accuracy": 0.9865240149884856,
  "training_accuracy3": 0.9987461693497685,
  "training_f1_macro": 0.792053766332674,
  "training_loss": 0.05242053225279568,
  "training_cpu_memory_MB": 443.04384,
  "validation_accuracy": 0.9818147182087278,
  "validation_accuracy3": 0.9987983939509393,
  "validation_f1_macro": 0.8228064999080419,
  "validation_loss": 0.06943919418788538,
  "best_validation_accuracy": 0.9818147182087278,
  "best_validation_accuracy3": 0.9987983939509393,
  "best_validation_f1_macro": 0.8228064999080419,
  "best_validation_loss": 0.06943919418788538
}