{
  "best_epoch": 47,
  "peak_cpu_memory_MB": 441.71264,
  "training_duration": "00:44:47",
  "training_start_epoch": 0,
  "training_epochs": 47,
  "epoch": 47,
  "training_accuracy": 0.9809410555888872,
  "training_accuracy3": 0.9985270184338254,
  "training_f1_macro": 0.7644206254494432,
  "training_loss": 0.0794794560036438,
  "training_cpu_memory_MB": 441.71264,
  "validation_accuracy": 0.9711321473579321,
  "validation_accuracy3": 0.9984320506432989,
  "validation_f1_macro": 0.7580218529174643,
  "validation_loss": 0.1041727289557457,
  "best_validation_accuracy": 0.9711321473579321,
  "best_validation_accuracy3": 0.9984320506432989,
  "best_validation_f1_macro": 0.7580218529174643,
  "best_validation_loss": 0.1041727289557457
}