{
  "best_epoch": 79,
  "peak_cpu_memory_MB": 443.478016,
  "training_duration": "01:15:15",
  "training_start_epoch": 0,
  "training_epochs": 79,
  "epoch": 79,
  "training_accuracy": 0.9892364566530266,
  "training_accuracy3": 0.9987677251775662,
  "training_f1_macro": 0.8222684122135707,
  "training_loss": 0.0444836033240496,
  "training_cpu_memory_MB": 443.478016,
  "validation_accuracy": 0.9840274317868761,
  "validation_accuracy3": 0.9986958178248,
  "validation_f1_macro": 0.8318801979458845,
  "validation_loss": 0.06008845381438732,
  "best_validation_accuracy": 0.9840274317868761,
  "best_validation_accuracy3": 0.9986958178248,
  "best_validation_f1_macro": 0.8318801979458845,
  "best_validation_loss": 0.06008845381438732
}