{
  "best_epoch": 37,
  "peak_cpu_memory_MB": 440.963072,
  "training_duration": "00:35:23",
  "training_start_epoch": 0,
  "training_epochs": 37,
  "epoch": 37,
  "training_accuracy": 0.972530690109827,
  "training_accuracy3": 0.9981174577056695,
  "training_f1_macro": 0.7322551488974236,
  "training_loss": 0.10667321485227453,
  "training_cpu_memory_MB": 440.963072,
  "validation_accuracy": 0.958046364409015,
  "validation_accuracy3": 0.9972890595234606,
  "validation_f1_macro": 0.7098930100575161,
  "validation_loss": 0.1511478231447499,
  "best_validation_accuracy": 0.958046364409015,
  "best_validation_accuracy3": 0.9972890595234606,
  "best_validation_f1_macro": 0.7098930100575161,
  "best_validation_loss": 0.1511478231447499
}