{
  "best_epoch": 54,
  "peak_cpu_memory_MB": 441.91744,
  "training_duration": "00:51:24",
  "training_start_epoch": 0,
  "training_epochs": 54,
  "epoch": 54,
  "training_accuracy": 0.9830571193510259,
  "training_accuracy3": 0.9986599460385778,
  "training_f1_macro": 0.7707957581756518,
  "training_loss": 0.0690038928895921,
  "training_cpu_memory_MB": 441.91744,
  "validation_accuracy": 0.9770962164063187,
  "validation_accuracy3": 0.9987251252894113,
  "validation_f1_macro": 0.7679164939711356,
  "validation_loss": 0.08669608449790536,
  "best_validation_accuracy": 0.9770962164063187,
  "best_validation_accuracy3": 0.9987251252894113,
  "best_validation_f1_macro": 0.7679164939711356,
  "best_validation_loss": 0.08669608449790536
}