{
  "best_epoch": 45,
  "peak_cpu_memory_MB": 441.71264,
  "training_duration": "00:42:56",
  "training_start_epoch": 0,
  "training_epochs": 45,
  "epoch": 45,
  "training_accuracy": 0.9799961918037557,
  "training_accuracy3": 0.9984874994161963,
  "training_f1_macro": 0.7584846471313379,
  "training_loss": 0.08336217704781158,
  "training_cpu_memory_MB": 441.71264,
  "validation_accuracy": 0.9689633949767006,
  "validation_accuracy3": 0.9983441282494652,
  "validation_f1_macro": 0.7520460093984015,
  "validation_loss": 0.11071393766054292,
  "best_validation_accuracy": 0.9689633949767006,
  "best_validation_accuracy3": 0.9983441282494652,
  "best_validation_f1_macro": 0.7520460093984015,
  "best_validation_loss": 0.11071393766054292
}