{
  "best_epoch": 51,
  "peak_cpu_memory_MB": 441.91744,
  "training_duration": "00:48:33",
  "training_start_epoch": 0,
  "training_epochs": 51,
  "epoch": 51,
  "training_accuracy": 0.9822451831706467,
  "training_accuracy3": 0.9986132417450161,
  "training_f1_macro": 0.7683827914072813,
  "training_loss": 0.0730394319614429,
  "training_cpu_memory_MB": 441.91744,
  "validation_accuracy": 0.9747662729697254,
  "validation_accuracy3": 0.9985492805017437,
  "validation_f1_macro": 0.7640700075393337,
  "validation_loss": 0.09321335530499132,
  "best_validation_accuracy": 0.9747662729697254,
  "best_validation_accuracy3": 0.9985492805017437,
  "best_validation_f1_macro": 0.7640700075393337,
  "best_validation_loss": 0.09321335530499132
}