{
  "best_epoch": 34,
  "peak_cpu_memory_MB": 440.963072,
  "training_duration": "00:32:28",
  "training_start_epoch": 0,
  "training_epochs": 34,
  "epoch": 34,
  "training_accuracy": 0.9688913478499858,
  "training_accuracy3": 0.99802045648058,
  "training_f1_macro": 0.7234482510076631,
  "training_loss": 0.12004308634532426,
  "training_cpu_memory_MB": 440.963072,
  "validation_accuracy": 0.9449752351924035,
  "validation_accuracy3": 0.9966296415697078,
  "validation_f1_macro": 0.6831790360945069,
  "validation_loss": 0.18450409101276863,
  "best_validation_accuracy": 0.9449752351924035,
  "best_validation_accuracy3": 0.9966296415697078,
  "best_validation_f1_macro": 0.6831790360945069,
  "best_validation_loss": 0.18450409101276863
}