{
  "best_epoch": 64,
  "peak_cpu_memory_MB": 442.015744,
  "training_duration": "01:00:54",
  "training_start_epoch": 0,
  "training_epochs": 64,
  "epoch": 64,
  "training_accuracy": 0.9852414432345238,
  "training_accuracy3": 0.9987461693497685,
  "training_f1_macro": 0.7805102481420944,
  "training_loss": 0.058098019373987966,
  "training_cpu_memory_MB": 442.015744,
  "validation_accuracy": 0.9807743032150289,
  "validation_accuracy3": 0.9987837402186337,
  "validation_f1_macro": 0.7956224435707808,
  "validation_loss": 0.07430241665825611,
  "best_validation_accuracy": 0.9807743032150289,
  "best_validation_accuracy3": 0.9987837402186337,
  "best_validation_f1_macro": 0.7956224435707808,
  "best_validation_loss": 0.07430241665825611
}