{
  "best_epoch": 12,
  "peak_cpu_memory_MB": 417.366016,
  "training_duration": "00:28:23",
  "training_start_epoch": 0,
  "training_epochs": 20,
  "epoch": 20,
  "training_accuracy": 0.9408436232472418,
  "training_accuracy3": 0.9459451691593587,
  "training_f1_macro": 0.7532991573534273,
  "training_loss": 279.71319511550627,
  "training_cpu_memory_MB": 417.366016,
  "validation_accuracy": 0.6986313414026553,
  "validation_accuracy3": 0.7287594150230063,
  "validation_f1_macro": 0.44154325061614014,
  "validation_loss": 1082.4144843496927,
  "best_validation_accuracy": 0.9521702177544621,
  "best_validation_accuracy3": 0.9556431523108936,
  "best_validation_f1_macro": 0.7771906638236931,
  "best_validation_loss": 169.155716221507
}