{
  "best_epoch": 12,
  "peak_cpu_memory_MB": 417.366016,
  "training_duration": "00:22:49",
  "training_start_epoch": 0,
  "training_epochs": 16,
  "epoch": 16,
  "training_accuracy": 0.9356235202822376,
  "training_accuracy3": 0.9408687717130058,
  "training_f1_macro": 0.7419690066217468,
  "training_loss": 457.3882945854507,
  "training_cpu_memory_MB": 417.366016,
  "validation_accuracy": 0.5903549133964421,
  "validation_accuracy3": 0.6467278215761555,
  "validation_f1_macro": 0.30367270278356995,
  "validation_loss": 2880.264565444574,
  "best_validation_accuracy": 0.9521702177544621,
  "best_validation_accuracy3": 0.9556431523108936,
  "best_validation_f1_macro": 0.7771906638236931,
  "best_validation_loss": 169.155716221507
}