{
  "best_epoch": 5,
  "peak_cpu_memory_MB": 410.15296,
  "training_duration": "00:08:00",
  "training_start_epoch": 0,
  "training_epochs": 5,
  "epoch": 5,
  "training_accuracy": 0.9385946318803507,
  "training_accuracy3": 0.9440913679687584,
  "training_f1_macro": 0.7273432681952683,
  "training_loss": 272.3631585857825,
  "training_cpu_memory_MB": 410.15296,
  "validation_accuracy": 0.747047272940418,
  "validation_accuracy3": 0.768617566894288,
  "validation_f1_macro": 0.5147955118838364,
  "validation_loss": 788.0998847775343,
  "best_validation_accuracy": 0.747047272940418,
  "best_validation_accuracy3": 0.768617566894288,
  "best_validation_f1_macro": 0.5147955118838364,
  "best_validation_loss": 788.0998847775343
}