{
  "best_epoch": 10,
  "peak_cpu_memory_MB": 407.072768,
  "training_duration": "00:17:10",
  "training_start_epoch": 0,
  "training_epochs": 11,
  "epoch": 11,
  "training_accuracy": 0.9931668025881364,
  "training_accuracy3": 0.9957714651136891,
  "training_f1_macro": 0.9629802410179904,
  "training_loss": 40.92899975805226,
  "training_cpu_memory_MB": 407.072768,
  "validation_accuracy": 0.9910612232935728,
  "validation_accuracy3": 0.9937721637701122,
  "validation_f1_macro": 0.9434949290354773,
  "validation_loss": 47.33715089937536,
  "best_validation_accuracy": 0.9909733008997391,
  "best_validation_accuracy3": 0.9936842413762785,
  "best_validation_f1_macro": 0.9486519660756781,
  "best_validation_loss": 47.138993891274055
}