{
  "best_epoch": 9,
  "peak_cpu_memory_MB": 406.253568,
  "training_duration": "00:14:20",
  "training_start_epoch": 0,
  "training_epochs": 9,
  "epoch": 9,
  "training_accuracy": 0.9928542430850701,
  "training_accuracy3": 0.9954696835245216,
  "training_f1_macro": 0.9611896567394446,
  "training_loss": 43.01344977738614,
  "training_cpu_memory_MB": 406.253568,
  "validation_accuracy": 0.990943993435128,
  "validation_accuracy3": 0.9936842413762785,
  "validation_f1_macro": 0.9544630794788243,
  "validation_loss": 47.921388486536536,
  "best_validation_accuracy": 0.990943993435128,
  "best_validation_accuracy3": 0.9936842413762785,
  "best_validation_f1_macro": 0.9544630794788243,
  "best_validation_loss": 47.921388486536536
}