{
  "best_epoch": 6,
  "peak_cpu_memory_MB": 405.692416,
  "training_duration": "00:09:59",
  "training_start_epoch": 0,
  "training_epochs": 6,
  "epoch": 6,
  "training_accuracy": 0.9922327167169037,
  "training_accuracy3": 0.9948445645183889,
  "training_f1_macro": 0.958463003029204,
  "training_loss": 48.8080842937538,
  "training_cpu_memory_MB": 405.692416,
  "validation_accuracy": 0.9906069575920987,
  "validation_accuracy3": 0.993435127927083,
  "validation_f1_macro": 0.9413746657373061,
  "validation_loss": 51.23141395754931,
  "best_validation_accuracy": 0.9906069575920987,
  "best_validation_accuracy3": 0.993435127927083,
  "best_validation_f1_macro": 0.9413746657373061,
  "best_validation_loss": 51.23141395754931
}