{
  "best_epoch": 24,
  "peak_cpu_memory_MB": 433.0496,
  "training_duration": "00:33:10",
  "training_start_epoch": 0,
  "training_epochs": 28,
  "epoch": 28,
  "training_accuracy": 0.9982503853104219,
  "training_accuracy3": 0.9999964073620338,
  "training_f1_macro": 0.9846718637895236,
  "training_loss": 0.006451322165478863,
  "training_cpu_memory_MB": 433.0496,
  "validation_accuracy": 0.9978752088156854,
  "validation_accuracy3": 0.9999706925353887,
  "validation_f1_macro": 0.9841652258621851,
  "validation_loss": 0.007800434033170615,
  "best_validation_accuracy": 0.9984760118402157,
  "best_validation_accuracy3": 0.9999267313384719,
  "best_validation_f1_macro": 0.9929508207094125,
  "best_validation_loss": 0.005945324613826304
}