{
  "best_epoch": 20,
  "peak_cpu_memory_MB": 433.0496,
  "training_duration": "00:25:12",
  "training_start_epoch": 0,
  "training_epochs": 21,
  "epoch": 21,
  "training_accuracy": 0.9985593521755219,
  "training_accuracy3": 0.9999892220861012,
  "training_f1_macro": 0.9889764226908159,
  "training_loss": 0.00492524677674247,
  "training_cpu_memory_MB": 433.0496,
  "validation_accuracy": 0.9980510536033528,
  "validation_accuracy3": 0.9999120776061663,
  "validation_f1_macro": 0.9827543018999184,
  "validation_loss": 0.007838877826210724,
  "best_validation_accuracy": 0.9982268983910202,
  "best_validation_accuracy3": 0.9999413850707776,
  "best_validation_f1_macro": 0.9908771092012344,
  "best_validation_loss": 0.005980254545603402
}