{
  "best_epoch": 24,
  "peak_cpu_memory_MB": 433.0496,
  "training_duration": "00:28:37",
  "training_start_epoch": 0,
  "training_epochs": 24,
  "epoch": 24,
  "training_accuracy": 0.9990048392833406,
  "training_accuracy3": 0.9999964073620338,
  "training_f1_macro": 0.9917749343139299,
  "training_loss": 0.0032702584369376465,
  "training_cpu_memory_MB": 433.0496,
  "validation_accuracy": 0.9984760118402157,
  "validation_accuracy3": 0.9999267313384719,
  "validation_f1_macro": 0.9929508207094125,
  "validation_loss": 0.005945324613826304,
  "best_validation_accuracy": 0.9984760118402157,
  "best_validation_accuracy3": 0.9999267313384719,
  "best_validation_f1_macro": 0.9929508207094125,
  "best_validation_loss": 0.005945324613826304
}