{
  "best_epoch": 7,
  "peak_cpu_memory_MB": 428.249088,
  "training_duration": "00:11:19",
  "training_start_epoch": 0,
  "training_epochs": 9,
  "epoch": 9,
  "training_accuracy": 0.9984623509504323,
  "training_accuracy3": 0.9999964073620338,
  "training_f1_macro": 0.9902652400605566,
  "training_loss": 0.005624696479212426,
  "training_cpu_memory_MB": 428.249088,
  "validation_accuracy": 0.9982268983910202,
  "validation_accuracy3": 0.9999706925353887,
  "validation_f1_macro": 0.9786716912248917,
  "validation_loss": 0.0070605162934332,
  "best_validation_accuracy": 0.9981829371941033,
  "best_validation_accuracy3": 0.9999560388030831,
  "best_validation_f1_macro": 0.9856095309030996,
  "best_validation_loss": 0.006857843017603111
}