{
  "best_epoch": 0,
  "peak_cpu_memory_MB": 224.362496,
  "training_duration": "00:01:06",
  "training_start_epoch": 0,
  "training_epochs": 0,
  "epoch": 0,
  "training_accuracy": 0.9222373512198803,
  "training_accuracy3": 0.9676195540099228,
  "training_f1_macro": 0.7948391843211845,
  "training_loss": 0.2621558366990286,
  "training_cpu_memory_MB": 224.362496,
  "validation_accuracy": 0.9946367339761437,
  "validation_accuracy3": 0.9997362328184989,
  "validation_f1_macro": 0.9389691198651334,
  "validation_loss": 0.021556830851406587,
  "best_validation_accuracy": 0.9946367339761437,
  "best_validation_accuracy3": 0.9997362328184989,
  "best_validation_f1_macro": 0.9389691198651334,
  "best_validation_loss": 0.021556830851406587
}