{
  "best_epoch": 24,
  "peak_cpu_memory_MB": 433.0496,
  "training_duration": "00:32:01",
  "training_start_epoch": 0,
  "training_epochs": 27,
  "epoch": 27,
  "training_accuracy": 0.997905492065659,
  "training_accuracy3": 0.9999676662583035,
  "training_f1_macro": 0.9818045186377908,
  "training_loss": 0.007475217115231594,
  "training_cpu_memory_MB": 433.0496,
  "validation_accuracy": 0.9981682834617978,
  "validation_accuracy3": 0.9998974238738607,
  "validation_f1_macro": 0.9866588101253965,
  "validation_loss": 0.008238421872303617,
  "best_validation_accuracy": 0.9984760118402157,
  "best_validation_accuracy3": 0.9999267313384719,
  "best_validation_f1_macro": 0.9929508207094125,
  "best_validation_loss": 0.005945324613826304
}