{
  "best_epoch": 2,
  "peak_cpu_memory_MB": 406.372352,
  "training_duration": "00:03:22",
  "training_start_epoch": 0,
  "training_epochs": 2,
  "epoch": 2,
  "training_accuracy": 0.9971510380927403,
  "training_accuracy3": 0.9999892220861012,
  "training_f1_macro": 0.9742827713459645,
  "training_loss": 0.010262025525085181,
  "training_cpu_memory_MB": 406.372352,
  "validation_accuracy": 0.9973183669880719,
  "validation_accuracy3": 0.9999560388030831,
  "validation_f1_macro": 0.9796389476898788,
  "validation_loss": 0.009476525839645325,
  "best_validation_accuracy": 0.9973183669880719,
  "best_validation_accuracy3": 0.9999560388030831,
  "best_validation_f1_macro": 0.9796389476898788,
  "best_validation_loss": 0.009476525839645325
}