{
  "best_epoch": 20,
  "peak_cpu_memory_MB": 433.0496,
  "training_duration": "00:24:02",
  "training_start_epoch": 0,
  "training_epochs": 20,
  "epoch": 20,
  "training_accuracy": 0.9987282061599371,
  "training_accuracy3": 0.9999856294481348,
  "training_f1_macro": 0.9910222884852206,
  "training_loss": 0.004448099043373643,
  "training_cpu_memory_MB": 433.0496,
  "validation_accuracy": 0.9982268983910202,
  "validation_accuracy3": 0.9999413850707776,
  "validation_f1_macro": 0.9908771092012344,
  "validation_loss": 0.005980254545603402,
  "best_validation_accuracy": 0.9982268983910202,
  "best_validation_accuracy3": 0.9999413850707776,
  "best_validation_f1_macro": 0.9908771092012344,
  "best_validation_loss": 0.005980254545603402
}