{
  "best_epoch": 2,
  "peak_cpu_memory_MB": 415.199232,
  "training_duration": "00:04:30",
  "training_start_epoch": 0,
  "training_epochs": 3,
  "epoch": 3,
  "training_accuracy": 0.9978803435998951,
  "training_accuracy3": 0.9999892220861012,
  "training_f1_macro": 0.9851877700291538,
  "training_loss": 0.007767675397778209,
  "training_cpu_memory_MB": 415.199232,
  "validation_accuracy": 0.9974795580434337,
  "validation_accuracy3": 0.9999706925353887,
  "validation_f1_macro": 0.9796216291587664,
  "validation_loss": 0.009244200674158225,
  "best_validation_accuracy": 0.9973183669880719,
  "best_validation_accuracy3": 0.9999560388030831,
  "best_validation_f1_macro": 0.9796389476898788,
  "best_validation_loss": 0.009476525839645325
}