{
  "best_epoch": 24,
  "peak_cpu_memory_MB": 433.0496,
  "training_duration": "00:35:26",
  "training_start_epoch": 0,
  "training_epochs": 30,
  "epoch": 30,
  "training_accuracy": 0.9985449816236568,
  "training_accuracy3": 0.9999892220861012,
  "training_f1_macro": 0.9876606704096464,
  "training_loss": 0.005306441628431321,
  "training_cpu_memory_MB": 433.0496,
  "validation_accuracy": 0.9983441282494652,
  "validation_accuracy3": 0.9999413850707776,
  "validation_f1_macro": 0.9918713136655609,
  "validation_loss": 0.008354915428776068,
  "best_validation_accuracy": 0.9984760118402157,
  "best_validation_accuracy3": 0.9999267313384719,
  "best_validation_f1_macro": 0.9929508207094125,
  "best_validation_loss": 0.005945324613826304
}