{
  "best_epoch": 13,
  "peak_cpu_memory_MB": 431.419392,
  "training_duration": "00:17:00",
  "training_start_epoch": 0,
  "training_epochs": 14,
  "epoch": 14,
  "training_accuracy": 0.998663538676544,
  "training_accuracy3": 0.9999892220861012,
  "training_f1_macro": 0.991197114753606,
  "training_loss": 0.005115983574208525,
  "training_cpu_memory_MB": 431.419392,
  "validation_accuracy": 0.9978459013510741,
  "validation_accuracy3": 0.9999413850707776,
  "validation_f1_macro": 0.9740542435112618,
  "validation_loss": 0.009664550467632801,
  "best_validation_accuracy": 0.9984760118402157,
  "best_validation_accuracy3": 0.9999560388030831,
  "best_validation_f1_macro": 0.9857290680303509,
  "best_validation_loss": 0.006266362209472146
}