{
  "best_epoch": 13,
  "peak_cpu_memory_MB": 433.0496,
  "training_duration": "00:22:50",
  "training_start_epoch": 0,
  "training_epochs": 19,
  "epoch": 19,
  "training_accuracy": 0.9986563534006114,
  "training_accuracy3": 0.9999964073620338,
  "training_f1_macro": 0.9905551110342681,
  "training_loss": 0.004346152028005464,
  "training_cpu_memory_MB": 433.0496,
  "validation_accuracy": 0.9984906655725213,
  "validation_accuracy3": 0.9999267313384719,
  "validation_f1_macro": 0.976260945699765,
  "validation_loss": 0.006766893648934301,
  "best_validation_accuracy": 0.9984760118402157,
  "best_validation_accuracy3": 0.9999560388030831,
  "best_validation_f1_macro": 0.9857290680303509,
  "best_validation_loss": 0.006266362209472146
}