{
  "best_epoch": 13,
  "peak_cpu_memory_MB": 433.0496,
  "training_duration": "00:20:25",
  "training_start_epoch": 0,
  "training_epochs": 17,
  "epoch": 17,
  "training_accuracy": 0.9985916859172185,
  "training_accuracy3": 0.9999964073620338,
  "training_f1_macro": 0.9850783054609529,
  "training_loss": 0.004974300340326882,
  "training_cpu_memory_MB": 433.0496,
  "validation_accuracy": 0.9982415521233258,
  "validation_accuracy3": 0.9999560388030831,
  "validation_f1_macro": 0.9805680999371645,
  "validation_loss": 0.0070836871944754045,
  "best_validation_accuracy": 0.9984760118402157,
  "best_validation_accuracy3": 0.9999560388030831,
  "best_validation_f1_macro": 0.9857290680303509,
  "best_validation_loss": 0.006266362209472146
}