{
  "best_epoch": 15,
  "peak_cpu_memory_MB": 420.438016,
  "training_duration": "00:26:40",
  "training_start_epoch": 0,
  "training_epochs": 19,
  "epoch": 19,
  "training_accuracy": 0.9619755197648978,
  "training_accuracy3": 0.9650041135704714,
  "training_f1_macro": 0.8061898464713443,
  "training_loss": 2121.7712968837714,
  "training_cpu_memory_MB": 420.438016,
  "validation_accuracy": 0.8813487295214091,
  "validation_accuracy3": 0.88468978048709,
  "validation_f1_macro": 0.72443525475378,
  "validation_loss": 4567.937371975038,
  "best_validation_accuracy": 0.9062747281732657,
  "best_validation_accuracy3": 0.9098209313912253,
  "best_validation_f1_macro": 0.7640158222958133,
  "best_validation_loss": 3708.771648127858
}