{
  "best_epoch": 1,
  "peak_cpu_memory_MB": 385.093632,
  "training_duration": "00:02:43",
  "training_start_epoch": 0,
  "training_epochs": 1,
  "epoch": 1,
  "training_accuracy": 0.9104391281386184,
  "training_accuracy3": 0.9167478004074051,
  "training_f1_macro": 0.7007714161232654,
  "training_loss": 7599.268828432003,
  "training_cpu_memory_MB": 385.093632,
  "validation_accuracy": 0.6089651534245772,
  "validation_accuracy3": 0.6607367896603265,
  "validation_f1_macro": 0.3517762711987704,
  "validation_loss": 24443.147591939785,
  "best_validation_accuracy": 0.6089651534245772,
  "best_validation_accuracy3": 0.6607367896603265,
  "best_validation_f1_macro": 0.3517762711987704,
  "best_validation_loss": 24443.147591939785
}