{
  "best_epoch": 8,
  "peak_cpu_memory_MB": 414.183424,
  "training_duration": "00:13:22",
  "training_start_epoch": 0,
  "training_epochs": 9,
  "epoch": 9,
  "training_accuracy": 0.9511832353141941,
  "training_accuracy3": 0.9547399469008109,
  "training_f1_macro": 0.7840281090346511,
  "training_loss": 2966.42528931395,
  "training_cpu_memory_MB": 414.183424,
  "validation_accuracy": 0.8361859265554937,
  "validation_accuracy3": 0.8457108525541456,
  "validation_f1_macro": 0.6684155686814884,
  "validation_loss": 7201.510914872332,
  "best_validation_accuracy": 0.8547668591190176,
  "best_validation_accuracy3": 0.8633979074470267,
  "best_validation_f1_macro": 0.7131963529500028,
  "best_validation_loss": 5841.699445026677
}