{
  "best_epoch": 11,
  "peak_cpu_memory_MB": 416.571392,
  "training_duration": "00:15:58",
  "training_start_epoch": 0,
  "training_epochs": 11,
  "epoch": 11,
  "training_accuracy": 0.960398351697701,
  "training_accuracy3": 0.9635814289358247,
  "training_f1_macro": 0.8090552024974714,
  "training_loss": 2454.4721292278723,
  "training_cpu_memory_MB": 416.571392,
  "validation_accuracy": 0.8906391958031711,
  "validation_accuracy3": 0.8955042349286363,
  "validation_f1_macro": 0.7352661651931685,
  "validation_loss": 3718.829655344893,
  "best_validation_accuracy": 0.8906391958031711,
  "best_validation_accuracy3": 0.8955042349286363,
  "best_validation_f1_macro": 0.7352661651931685,
  "best_validation_loss": 3718.829655344893
}