{
  "best_epoch": 7,
  "peak_cpu_memory_MB": 408.117248,
  "training_duration": "00:10:45",
  "training_start_epoch": 0,
  "training_epochs": 7,
  "epoch": 7,
  "training_accuracy": 0.9527927371230873,
  "training_accuracy3": 0.9560907787761319,
  "training_f1_macro": 0.780394711096513,
  "training_loss": 2879.636833145233,
  "training_cpu_memory_MB": 408.117248,
  "validation_accuracy": 0.833445678614343,
  "validation_accuracy3": 0.8405234313179567,
  "validation_f1_macro": 0.6738624639739058,
  "validation_loss": 6807.500398961509,
  "best_validation_accuracy": 0.833445678614343,
  "best_validation_accuracy3": 0.8405234313179567,
  "best_validation_f1_macro": 0.6738624639739058,
  "best_validation_loss": 6807.500398961509
}