{
  "best_epoch": 15,
  "peak_cpu_memory_MB": 420.438016,
  "training_duration": "00:30:47",
  "training_start_epoch": 0,
  "training_epochs": 22,
  "epoch": 22,
  "training_accuracy": 0.9597408989498719,
  "training_accuracy3": 0.9626868620822211,
  "training_f1_macro": 0.8011009793565813,
  "training_loss": 2254.5694441195733,
  "training_cpu_memory_MB": 420.438016,
  "validation_accuracy": 0.8460625421294804,
  "validation_accuracy3": 0.8508689663257232,
  "validation_f1_macro": 0.7306335773809343,
  "validation_loss": 5178.2840367759145,
  "best_validation_accuracy": 0.9062747281732657,
  "best_validation_accuracy3": 0.9098209313912253,
  "best_validation_f1_macro": 0.7640158222958133,
  "best_validation_loss": 3708.771648127858
}