{
  "best_epoch": 15,
  "peak_cpu_memory_MB": 420.438016,
  "training_duration": "00:25:20",
  "training_start_epoch": 0,
  "training_epochs": 18,
  "epoch": 18,
  "training_accuracy": 0.9597373063119057,
  "training_accuracy3": 0.9627335663757828,
  "training_f1_macro": 0.8072857847410003,
  "training_loss": 2406.7381723369667,
  "training_cpu_memory_MB": 420.438016,
  "validation_accuracy": 0.8683362152340202,
  "validation_accuracy3": 0.8720875707042584,
  "validation_f1_macro": 0.7150688942339041,
  "validation_loss": 5388.438976753048,
  "best_validation_accuracy": 0.9062747281732657,
  "best_validation_accuracy3": 0.9098209313912253,
  "best_validation_f1_macro": 0.7640158222958133,
  "best_validation_loss": 3708.771648127858
}