{
  "best_epoch": 15,
  "peak_cpu_memory_MB": 420.438016,
  "training_duration": "00:29:23",
  "training_start_epoch": 0,
  "training_epochs": 21,
  "epoch": 21,
  "training_accuracy": 0.9517544647508326,
  "training_accuracy3": 0.9548549113157317,
  "training_f1_macro": 0.802912653862581,
  "training_loss": 2888.972999435699,
  "training_cpu_memory_MB": 420.438016,
  "validation_accuracy": 0.8829606400750271,
  "validation_accuracy3": 0.8869024940652385,
  "validation_f1_macro": 0.7466489986618328,
  "validation_loss": 4708.068171803544,
  "best_validation_accuracy": 0.9062747281732657,
  "best_validation_accuracy3": 0.9098209313912253,
  "best_validation_f1_macro": 0.7640158222958133,
  "best_validation_loss": 3708.771648127858
}