{
  "best_epoch": 5,
  "peak_cpu_memory_MB": 404.918272,
  "training_duration": "00:08:10",
  "training_start_epoch": 0,
  "training_epochs": 5,
  "epoch": 5,
  "training_accuracy": 0.9451296403410132,
  "training_accuracy3": 0.9489773556028985,
  "training_f1_macro": 0.7715907997658435,
  "training_loss": 3474.0191825821016,
  "training_cpu_memory_MB": 404.918272,
  "validation_accuracy": 0.7588581811787463,
  "validation_accuracy3": 0.7702294774479059,
  "validation_f1_macro": 0.6035163727596782,
  "validation_loss": 7149.506847846798,
  "best_validation_accuracy": 0.7588581811787463,
  "best_validation_accuracy3": 0.7702294774479059,
  "best_validation_f1_macro": 0.6035163727596782,
  "best_validation_loss": 7149.506847846798
}