{
  "best_epoch": 6,
  "peak_cpu_memory_MB": 444.923904,
  "training_duration": "00:17:55",
  "training_start_epoch": 0,
  "training_epochs": 11,
  "epoch": 11,
  "training_accuracy": 0.7925287500853252,
  "training_accuracy3": 0.7986254567141015,
  "training_f1_macro": 0.5661956805805043,
  "training_loss": 49055.243550009356,
  "training_cpu_memory_MB": 444.923904,
  "validation_accuracy": 0.6419507048445239,
  "validation_accuracy3": 0.7072477359983588,
  "validation_f1_macro": 0.3296991454701597,
  "validation_loss": 74985.57464748475,
  "best_validation_accuracy": 0.7961519298965446,
  "best_validation_accuracy3": 0.8235104481111339,
  "best_validation_f1_macro": 0.5288480298919533,
  "best_validation_loss": 24644.31328601372
}