{
  "best_epoch": 6,
  "peak_cpu_memory_MB": 444.923904,
  "training_duration": "00:19:22",
  "training_start_epoch": 0,
  "training_epochs": 12,
  "epoch": 12,
  "training_accuracy": 0.8067196700521292,
  "training_accuracy3": 0.8142031349358894,
  "training_f1_macro": 0.6050687576040559,
  "training_loss": 44588.47757853434,
  "training_cpu_memory_MB": 444.923904,
  "validation_accuracy": 0.6534978459013511,
  "validation_accuracy3": 0.7152047126403095,
  "validation_f1_macro": 0.32994792981363863,
  "validation_loss": 74053.04549352133,
  "best_validation_accuracy": 0.7961519298965446,
  "best_validation_accuracy3": 0.8235104481111339,
  "best_validation_f1_macro": 0.5288480298919533,
  "best_validation_loss": 24644.31328601372
}