{
  "best_epoch": 6,
  "peak_cpu_memory_MB": 444.350464,
  "training_duration": "00:13:27",
  "training_start_epoch": 0,
  "training_epochs": 8,
  "epoch": 8,
  "training_accuracy": 0.8180257017320107,
  "training_accuracy3": 0.823504474630587,
  "training_f1_macro": 0.5965895386601514,
  "training_loss": 43276.016870555766,
  "training_cpu_memory_MB": 444.350464,
  "validation_accuracy": 0.4671463321708039,
  "validation_accuracy3": 0.5227572462706251,
  "validation_f1_macro": 0.09849302319782739,
  "validation_loss": 173851.78887195123,
  "best_validation_accuracy": 0.7961519298965446,
  "best_validation_accuracy3": 0.8235104481111339,
  "best_validation_f1_macro": 0.5288480298919533,
  "best_validation_loss": 24644.31328601372
}