{
  "best_epoch": 21,
  "peak_cpu_memory_MB": 410.435584,
  "training_duration": "00:31:10",
  "training_start_epoch": 0,
  "training_epochs": 22,
  "epoch": 22,
  "training_accuracy": 0.9936302528857864,
  "training_accuracy3": 0.9962528786011705,
  "training_f1_macro": 0.9663976614305428,
  "training_loss": 36.3214265172353,
  "training_cpu_memory_MB": 410.435584,
  "validation_accuracy": 0.9926584801148852,
  "validation_accuracy3": 0.9954280355206471,
  "validation_f1_macro": 0.9618822431759468,
  "validation_loss": 42.33456583720882,
  "best_validation_accuracy": 0.9925852114533572,
  "best_validation_accuracy3": 0.9952814981975909,
  "best_validation_f1_macro": 0.9648848280066915,
  "best_validation_loss": 41.9151894173971
}