{
  "best_epoch": 2,
  "peak_cpu_memory_MB": 396.193792,
  "training_duration": "00:04:03",
  "training_start_epoch": 0,
  "training_epochs": 2,
  "epoch": 2,
  "training_accuracy": 0.988097590417716,
  "training_accuracy3": 0.9908495510998861,
  "training_f1_macro": 0.9407956112105572,
  "training_loss": 77.75767325212855,
  "training_cpu_memory_MB": 396.193792,
  "validation_accuracy": 0.9877641335248087,
  "validation_accuracy3": 0.9907828023797661,
  "validation_f1_macro": 0.9285749117911467,
  "validation_loss": 75.78045933421065,
  "best_validation_accuracy": 0.9877641335248087,
  "best_validation_accuracy3": 0.9907828023797661,
  "best_validation_f1_macro": 0.9285749117911467,
  "best_validation_loss": 75.78045933421065
}