{
  "best_epoch": 4,
  "peak_cpu_memory_MB": 401.313792,
  "training_duration": "00:06:46",
  "training_start_epoch": 0,
  "training_epochs": 4,
  "epoch": 4,
  "training_accuracy": 0.991104628395492,
  "training_accuracy3": 0.993727254110876,
  "training_f1_macro": 0.9536672430128297,
  "training_loss": 56.40612482310769,
  "training_cpu_memory_MB": 401.313792,
  "validation_accuracy": 0.9905776501274874,
  "validation_accuracy3": 0.9935230503209167,
  "validation_f1_macro": 0.9399556521144063,
  "validation_loss": 57.734866072491904,
  "best_validation_accuracy": 0.9905776501274874,
  "best_validation_accuracy3": 0.9935230503209167,
  "best_validation_f1_macro": 0.9399556521144063,
  "best_validation_loss": 57.734866072491904
}