{
  "best_epoch": 12,
  "peak_cpu_memory_MB": 408.498176,
  "training_duration": "00:20:20",
  "training_start_epoch": 0,
  "training_epochs": 14,
  "epoch": 14,
  "training_accuracy": 0.9933428418484841,
  "training_accuracy3": 0.9959546896499692,
  "training_f1_macro": 0.9646588732775216,
  "training_loss": 38.71093832232995,
  "training_cpu_memory_MB": 408.498176,
  "validation_accuracy": 0.9912370680812403,
  "validation_accuracy3": 0.9939480085577796,
  "validation_f1_macro": 0.9384584231948947,
  "validation_loss": 45.34827967387874,
  "best_validation_accuracy": 0.9911491456874065,
  "best_validation_accuracy3": 0.9938893936285572,
  "best_validation_f1_macro": 0.9559013004555899,
  "best_validation_loss": 45.93131823656036
}