{
  "best_epoch": 17,
  "peak_cpu_memory_MB": 409.546752,
  "training_duration": "00:25:45",
  "training_start_epoch": 0,
  "training_epochs": 18,
  "epoch": 18,
  "training_accuracy": 0.9935691780403597,
  "training_accuracy3": 0.9961774332038786,
  "training_f1_macro": 0.9683701036943795,
  "training_loss": 37.00181624132716,
  "training_cpu_memory_MB": 409.546752,
  "validation_accuracy": 0.9920869845549661,
  "validation_accuracy3": 0.9947979250315055,
  "validation_f1_macro": 0.9590357444879717,
  "validation_loss": 42.383295477890385,
  "best_validation_accuracy": 0.9914568740658246,
  "best_validation_accuracy3": 0.994241083203892,
  "best_validation_f1_macro": 0.9634131177108095,
  "best_validation_loss": 43.208797920040965
}