{
  "best_epoch": 5,
  "peak_cpu_memory_MB": 434.679808,
  "training_duration": "00:14:31",
  "training_start_epoch": 0,
  "training_epochs": 8,
  "epoch": 8,
  "training_accuracy": 0.5367041857824945,
  "training_accuracy3": 0.552238752348687,
  "training_f1_macro": 0.30275081377622987,
  "training_loss": 555375.9870064559,
  "training_cpu_memory_MB": 434.679808,
  "validation_accuracy": 0.36458485976378185,
  "validation_accuracy3": 0.4232144427185604,
  "validation_f1_macro": 0.05264573371975373,
  "validation_loss": 967421.5731707317,
  "best_validation_accuracy": 0.35053193048269393,
  "best_validation_accuracy3": 0.4060842296532927,
  "best_validation_f1_macro": 0.0474685187689615,
  "best_validation_loss": 624077.830792683
}